phrase,c1,c2
㑇,人,丿乙乙
㑊,人,丶一丿
㕮,口,丿丶丿
㘎,口,丶丨乙
㙍,土,乙丶
㙘,土,一丨
㙦,人一,土
㛃,一一,乙丿
㛚,乙丿,乙丶
㛹,乙丿,人一
㟃,丨乙,乙一
㠇,丨乙,丶一
㠓,丨乙,艹
㤘,丶丶,丿乙
㥄,丶丶,土
㧐,手,乙丶
㧑,手,丶丿
㧟,手,水一
㫰,日,丶乙
㬊,日,丿丶
㬎,日,乙乙
㬚,日,丶一
㭎,木,丨乙丿
㭕,木,土乙
㮾,丶乙,木
㰀,木,丿一丨
㳇,水,丿丶丿
㳘,水,丶一乙
㳚,水,一丿丶
㴔,水,丿乙乙
㵐,水,一丿丶
㶲,丶丿,丿乙
㸆,丶丿,丿一
㸌,丶丿,一丶
㺄,丿乙,人一
㻬,一一,一丶
㽏,水人,一丨
㿠,丿丨,丨丶
䁖,丨乙,丶丿
䂮,一一,一丿
䃅,一丿,丶丿
䃎,一丿,一丿
䅟,丿一,乙丶
䌹,乙乙,丨乙
䎃,丨乙,乙丶
䎖,丶丿,乙丶
䏝,月,一一乙
䏡,月,一一丨
䏲,月,丶丿乙
䐃,月,丨乙丿
䓖,艹,丶丶
䓛,艹,乙一
䓨,艹,丿一
䓫,艹,一丿
䓬,艹,丨一
䗖,丨乙,一丨
䗛,丨乙,人丨
䗪,丶一,丨乙
䗴,丨乙,丿一
䜣,丶乙,丿丿
䝙,丿丶,一丿
䢺,乙丨,乙丨
䢼,一丨,乙丨
䣘,丨丶,乙丨
䥽,金,乙丿
䦃,金,艹
䲟,丿乙,丿乙
䲠,丿乙,一一
䲢,月丶,丿乙
䴓,一丨,丿乙
䴔,丶一,丿乙
䴕,一丿,丿乙
䴖,一一,丿乙
䴗,丨乙,丿乙
䴘,丿丿,丿乙
䴙,乙一,丿乙
䶮,一丿,一一
一,一
丁,一丨
七,一乙
万,一乙丿
丈,一丿丶
三,一一一
上,丨一一
下,一丨丶
不,一丿丨丶
与,一乙一
丏,一丨乙乙
丐,一丨一乙
丑,乙丨一一
专,一一乙丶
且,丨乙一一
丕,一丿,一
世,一丨丨一
丘,丿丨一丨
丙,一丨乙丿
业,丨丨丶丿
丛,人人,一
东,一乙丨丿
丝,乙乙,一
丞,乙丨乙丿
丢,丿一,乙丶
两,一丨乙丿
严,一丨丨丶
丧,十,乙丿
个,人,丨
丫,丶丿,丨
中,丨乙一丨
丰,一一一丨
串,丨乙一丨
临,丨丨,丿一
丸,丿乙丶
丹,丿乙丶一
为,丶丿乙丶
主,丶,一一丨
丽,一,丨乙丶
举,丶丶,一一
乂,丿丶
乃,乙丿
久,丿乙丶
么,丿,乙丶
义,丶丿丶
之,丶乙丶
乌,丿乙乙一
乍,丿一丨一
乎,丿丶丿一
乏,丿,丶乙丶
乐,丿乙丨丿
乒,丿丨,丿
乓,丿丨,丶
乔,丿一,丿丨
乖,丿一,丨一
乘,丿一,丨一
乙,乙
乜,乙乙
九,丿乙
乞,丿一,乙
也,乙丨乙
习,乙丶一
乡,乙乙丿
书,乙乙丨丶
乩,丨一,乙
买,乙,丶丶一
乱,丿一,乙
乳,丿丶,乙
乸,乙丨,乙乙
乾,十,丿一
了,乙丨
予,乙丶乙丨
争,丿乙,乙一
事,一丨乙一
二,一一
亍,一一丨
于,一一丨
亏,一一乙
云,一一乙丶
互,一乙乙一
亓,一一丿丨
五,一丨乙一
井,一一丿丨
亘,一,日一
亚,一丨丨丶
些,丨一,一一
亟,乙丨,口乙
亡,丶一乙
亢,丶一,丿乙
交,丶一,丿丶
亥,丶一乙丿
亦,丶一,丿丨
产,丶一丶丿
亨,丶一,乙丨
亩,丶一,丨乙
享,丶一,乙丨
京,丶一,丨丿
亭,丶一,一丨
亮,丶一,丿乙
亲,丶一,木
亳,丶一,丿一
亵,丶一,手
亶,丶一,日
亸,丶一,丶丿
亹,丶一,丿丨
人,人
亿,人,乙
什,人,十
仁,人,一一
仂,人,乙丿
仃,人,一丨
仄,一丿,人
仅,人,乙丶
仆,人,丨丶
仇,人,丿乙
仉,人,丿乙
今,人丶乙
介,人,丿丨
仍,人,乙丿
从,人,人
仑,人,丿乙
仓,人,乙乙
仔,人,乙丨一
仕,人,土
他,人,乙丨乙
仗,人,一丿丶
付,人,一丨丶
仙,人,丨乙丨
仝,人,一丨一
仞,人,乙丿丶
仟,人,丿一丨
仡,人,丿一乙
代,人,一乙丶
令,人丶,乙丶
以,乙丶人
仨,人,一一一
仪,人,丶丿丶
仫,人,丿乙丶
们,人,丶丨乙
仰,人,丿乙乙
仲,人,丨乙一
仳,人,一乙丿
仵,人,丿一十
件,人,丿一一
价,人,人丿丨
任,人,丿一丨
份,人,丿丶乙
仿,人,丶一乙
企,人,丨一丨
伈,人,丶乙丶
伉,人,丶一丿
伊,人,乙一一
伋,人,丿乙丶
伍,人,一丨乙
伎,人,十乙
伏,人,一丿丶
伐,人,一乙丿
休,人,木
众,人,人人
优,人,一丿乙
伙,人,丶丿人
会,人,一一乙
伛,人,一丿丶
伞,人,丶丿十
伟,人,一一乙
传,人,一一乙
伢,人,一乙丨
伣,人,丨乙丿
伤,人,丿一乙
伥,人,丿一乙
伦,人,人丿乙
伧,人,人乙乙
伪,人,丶丿乙
伫,人,丶丶乙
伭,人,丶一乙
伯,人,丿丨乙
估,人,十口
伲,人,乙一丿
伴,人,丶丿一
伶,人,人丶乙
伸,人,丨乙一
伺,人,乙一口
似,人,乙丶人
伽,人,乙丿口
伾,人,一丿丨
佁,人,乙丶口
佃,人,丨乙一
但,人,日一
位,人,丶一丶
低,人,丿乙一
住,人,丶一一
佐,人,一丿一
佑,人,一丿口
体,人,一丨丿
何,人,一口丨
佖,人,丶乙丶
佗,人,丶丶乙
佘,人,一一丨
余,人一木
佚,人,丿一一
佛,人,乙一乙
作,人,丿一丨
佝,人,丿乙口
佞,人,一一乙
佟,人,丿乙丶
你,人,丿乙丨
佣,人,丿乙一
佤,人,一乙乙
佥,人一丶丶
佩,人,丿乙一
佬,人,十一
佯,人,丶丿一
佰,人,一丿日
佳,人,土土
佴,人,一丨丨
佶,人,土口
佸,人,丿一丨
佺,人,人一一
佻,人,丿丶一
佼,人,丶一丿
佽,人,丶一丿
佾,人,丿丶月
使,人,一丨乙
侁,人,丿一丨
侂,人,丶一丿
侃,人,口丿丨
侄,人,一乙丶
侈,人,丿乙丶
侉,人,一丿丶
例,人,一丿乙
侍,人,土一
侏,人,丿一一
侑,人,一丿月
侔,人,乙丶丿
侗,人,丨乙一
侘,人,丶丶乙
供,人,一丨丨
依,人,丶一丿
侠,人,一丶丿
侣,人,口口
侥,人,一乙丿
侦,人,丨一贝
侧,人,贝丨
侨,人,丿一丿
侩,人,人一一
侪,人,丶一丿
侬,人,丶乙丿
侮,人,丿一乙
侯,人,乙一丿
侴,人一,乙丨
侵,人,乙一一
侹,人,丿一丨
便,人,一丨乙
促,人,口丨一
俄,人,丿一丨
俅,人,一丨丶
俊,人,乙丶丿
俍,人,丶乙一
俎,人人,丨乙
俏,人,丨丶丿
俐,人,丿一丨
俑,人,乙丶丨
俗,人,丿丶人
俘,人,丿丶丶
俙,人,丿丶一
俚,人,丨乙一
俜,人,丨乙一
保,人,口木
俞,人一,月丨
俟,人,乙丶丿
信,人,丶一一
俣,人,口一一
俦,人,一一一
俨,人,一丨丨
俩,人,一丨乙
俪,人,一丨乙
俫,人,一丶丿
俭,人,人一丶
修,人丨,丿乙
俯,人,丶一丿
俱,人,丨乙一
俳,人,丨一一
俵,人,一一丨
俶,人,丨一一
俸,人,一一一
俺,人,一丿丶
俾,人,丿丨乙
倌,人,丶丶乙
倍,人,丶一丶
倏,人丨,丿乙
倒,人,一乙丶
倓,人,丶丿人
倔,人,乙一丿
倕,人,丿一丨
倘,人,丨丶丿
候,人丨,乙一
倚,人,一丿丶
倜,人,丿乙土
倞,人,丶一口
借,人,一丨丨
倡,人,日日
倥,人,丶丶乙
倦,人,丶丿一
倧,人,丶丶乙
倨,人,乙一丿
倩,人,一一丨
倪,人,丿丨一
倬,人,丨一口
倭,人,丿一丨
倮,人,丨乙一
倴,人,一丿丶
债,人,一一丨
倻,人,一丨丨
值,人,十丨
倾,人,一乙一
偁,人,丿丶丶
偃,人,一日
假,人,乙一丨
偈,人,日丿
偌,人,艹一
偎,人,丨乙一
偏,人,丶乙一
偓,人,乙一丿
偕,人,一乙丿
做,人,十口
停,人,丶一口
偡,人,一丨丨
健,人,乙一一
偬,人,丿乙丿
偭,人,一丿丨
偰,人,一一一
偲,人,丨乙一
偶,人,丨乙一
偷,人,人一月
偻,人,丶丿木
偾,人,十艹
偿,人,丨丶丿
傀,人,丿丨乙
傃,人,一一丨
傅,人,一丨乙
傈,人,一丨乙
傉,人,一丿一
傍,人,丶一丶
傒,人,丿丶丶
傕,人,丶乙丿
傣,人,一一一
傥,人,丨丶丿
傧,人,丶丶乙
储,人,丶乙十
傩,人,乙丶人
催,人,丨乙丨
傲,人,一一丨
傺,人,丿乙丶
傻,人,丿丨乙
僇,人,乙丶一
僎,人,乙一乙
像,人,丿乙丨
僔,人,丶丿一
僖,人,土口
僚,人,一丿丶
僦,人,丶一口
僧,人,丶丿丨
僬,人,人丶一
僭,人,一乙丿
僮,人,丶一丶
僰,一丨,人
僳,人,一丨乙
僵,人,一丨乙
僻,人,乙一丿
儆,人,艹丿
儇,人,丨乙丨
儋,人,丿乙一
儒,人,一丶乙
儡,人,丨乙一
儦,人,丶一丿
儳,人,丿乙口
儴,人,丶一口
儿,丿乙
兀,一丿乙
允,乙丶,丿乙
元,一一丿乙
兄,口,丿乙
充,丶一,丿乙
兆,丿丶,乙丿
先,丿一,丿乙
光,丨丶,丿乙
克,十口丿
免,丿乙丨乙
兑,丶丿,丿乙
兔,丿乙丨乙
兕,丨乙,丿乙
兖,丶一,丿丶
党,丨丶,丿乙
兜,丿丨,丿乙
兢,十,十
入,丿丶
全,人,一一丨
八,丿丶
公,丿丶,乙丶
六,丶一,丿丶
兮,丿丶,一乙
兰,丶丿,一一
共,一丨,丿丶
关,丶丿一一
兴,丶丶,丿丶
兵,丿丨,丿丶
其,一丨,丿丶
具,丨乙,丿丶
典,丨乙,丿丶
兹,丶丿,乙乙
养,丶丿,丿丨
兼,丶丿一乙
兽,丶丿,一口
冀,丨一,丨乙
冁,丶丿,乙一
内,丨乙丿丶
冈,丨乙,丿丶
冉,丨乙丨一
册,丿乙丿乙
再,一丨乙丨
冏,丨乙,丿丶
冒,丨乙,丨乙
冔,丨乙,口一
冕,丨乙,丿乙
冗,丶乙,丿乙
写,丶乙,一乙
军,丶乙,一乙
农,丶乙丿乙
冠,丶乙,一一
冢,丶乙,一丿
冤,丶乙,丿乙
冥,丶乙,日
冬,丿乙,丶丶
冮,丶一,一丨
冯,丶一,乙乙
冰,丶一,水
冱,丶一,一乙
冲,丶一,丨乙
决,丶一,乙一
况,丶一,口丿
冶,丶一,乙丶
冷,丶一,人丶
冻,丶一,一乙
冼,丶一,丿一
冽,丶一,一丿
净,丶一,丿乙
凄,丶一,一乙
准,丶一,人丶
凇,丶一,木丿
凉,丶一,丶一
凋,丶一,丿乙
凌,丶一,土
减,丶一,一丿
凑,丶一,一一
凓,丶一,一丨
凘,丶一,一丨
凛,丶一,丶一
凝,丶一,丿乙
几,丿乙
凡,丿乙,丶
凤,丿乙,乙丶
凫,丿乙,丿乙
凭,人丿,丿乙
凯,丨乙,丿乙
凰,丿乙,丿丨
凳,乙丶,丿乙
凶,丿丶,乙丨
凸,丨一丨乙
凹,丨乙丨乙
出,乙丨丨乙
击,一一丨乙
凼,水,乙丨
函,乙丨,乙丨
凿,丨丨,丶丿
刀,乙丿
刁,乙一
刃,乙丿丶
分,丿丶,乙丿
切,一乙,乙丿
刈,丿丶,丨丨
刊,一一,丨丨
刍,丿乙,乙一
刎,丿乙,丨丨
刑,一一,丨丨
划,一乙,丨丨
刖,月,丨丨
列,一丿,丨丨
刘,丶一,丨丨
则,贝,丨丨
刚,丨乙,丨丨
创,人乙,丨丨
初,丶乙,乙丿
删,丿乙,丨丨
判,丶丿,丨丨
刨,丿乙,丨丨
利,丿一,丨丨
别,口乙,丨丨
刬,一一,丨丨
刭,乙丶,丨丨
刮,丿一,丨丨
到,一乙,丨丨
刳,一丿,丨丨
制,丿一,丨丨
刷,乙一,丨丨
券,丶丿,乙丿
刹,丿丶,丨丨
刺,一丨,丨丨
刻,丶一,丨丨
刽,人一,丨丨
刿,丨乙,丨丨
剀,丨乙,丨丨
剁,丿乙,丨丨
剂,丶一,丨丨
剃,丶丿,丨丨
剅,一口,丨丨
削,丨丶,丨丨
剋,十,丨丨
剌,一丨,丨丨
前,丶丿,月丨
剐,口丨,丨丨
剑,人一,丨丨
剔,日,丨丨
剕,丨一,丨丨
剖,丶一,丨丨
剜,丶丶,丨丨
剞,一丿,丨丨
剟,乙丶,丨丨
剡,丶丿,丨丨
剥,乙一,丨丨
剧,乙一,丨丨
剩,丿一,丨丨
剪,丶丿,乙丿
副,一口,丨丨
割,丶丶,丨丨
剽,一丨,丨丨
剿,乙乙,丨丨
劁,人丶,丨丨
劂,一丿,丨丨
劄,丿一,丨丨
劈,乙一,乙丿
劐,艹,丨丨
劓,丿丨,丨丨
力,乙丿
劝,乙丶,乙丿
办,乙丿,丶丶
功,一丨,乙丿
加,乙丿,口
务,丿乙,乙丿
劢,一乙,乙丿
劣,丨丿,乙丿
动,一一,乙丿
助,丨乙,乙丿
努,乙丿,乙丿
劫,土,乙丿
劬,丿乙,乙丿
劭,乙丿,乙丿
励,一丿,乙丿
劲,乙丶,乙丿
劳,艹,乙丿
劼,土,乙丿
劾,丶一,乙丿
势,手,乙丿
勃,十,乙丿
勇,乙丶,乙丿
勉,丿乙,乙丿
勋,口贝,乙
勍,丶一,乙丿
勐,乙丨,乙丿
勒,一丨,乙丿
勔,一丿,乙丿
勖,丨乙,乙丿
勘,一丨,乙丿
勚,一丨,乙丿
募,艹,乙丿
勠,乙丶,乙丿
勤,一丨,乙丿
勰,乙丿,丨乙
勺,丿乙,丶
勾,丿乙,乙丶
勿,丿乙丿丿
匀,丿乙,丶一
包,丿乙,乙一
匆,丿乙丿丿
匈,丿乙,丿丶
匍,丿乙,一丨
匏,一丿,丿乙
匐,丿乙,一口
匕,丿乙
化,人,丿乙
北,丨一,丿乙
匙,日,丿乙
匜,一乙丨乙
匝,一丨乙丨
匠,一丿丿一
匡,一一一丨
匣,一丨乙一
匦,一一乙丨
匪,一丨一一
匮,一丨乙一
匹,一丿乙乙
区,一丿丶乙
医,一丿一一
匼,一人一口
匾,一丶乙一
匿,一艹一
十,十
千,丿一丨
卅,一丿丨丨
升,丿一丿丨
午,丿一十
卉,十,一丿
半,丶丿一一
华,人丿,十
协,十,乙丿
卑,丿丨,十
卒,丶一,人人
卓,丨一,十
单,丶丿,丨乙
卖,十,乙丶
南,十,丨乙
博,十,一丨
卜,丨丶
卞,丶一丨丶
卟,口,丨丶
占,丨一,口
卡,丨一一丨
卢,丨一,乙一
卣,丨一,丨乙
卤,丨一,丨乙
卦,土,丨丶
卧,一丨,丨丶
卫,乙丨一
卬,丿乙,乙丨
卮,丿丿,乙乙
卯,丿乙,乙丨
印,丿乙,乙丨
危,丿乙,乙乙
即,乙一,乙丨
却,土,乙丨
卵,丿乙,乙丨
卷,丶丿,乙乙
卸,丿一,乙丨
卺,乙丨,乙乙
卿,丿乙,乙一
厂,一丿
厄,一丿,乙乙
厅,一丿,一丨
历,一丿,乙丿
厉,一丿,一乙
压,一丿,土
厌,一丿,一丿
厍,一丿,一乙
厕,一丿,贝
厖,一丿,一丿
厘,一丿,丨乙
厚,一丿,日
厝,一丿,一丨
原,一丿,丿丨
厢,一丿,木丨
厣,一丿,丨乙
厥,一丿,丶丿
厦,一丿,一丿
厨,一丿,一口
厩,一丿,乙一
厮,一丿,一丨
去,土,乙丶
厾,乙,土乙
县,丨乙,乙丶
叁,乙丶,一一
参,乙丶,丿丿
叆,一一,丿丶
叇,一一,乙一
又,乙丶
叉,乙丶丶
及,丿乙丶
友,一丿,乙丶
双,乙丶,乙丶
反,丿丿,乙丶
发,乙丿乙丶
叔,丨一,乙丶
叕,乙丶,乙丶
取,一丨,乙丶
受,丿丶,乙丶
变,丶一,乙丶
叙,人一,乙丶
叚,乙一,乙一
叛,丶丿,丿丿
叟,丿丨,乙丶
叠,乙丶,丨乙
口,口
古,十口
句,丿乙,口
另,口,乙丿
叨,口,乙丿
叩,口,乙丨
只,口,丿丶
叫,口,乙丨
召,乙丿,口
叭,口,丿丶
叮,口,一丨
可,一口丨
台,乙丶,口
叱,口,丿乙
史,丨乙一丿
右,一丿,口
叵,一口乙
叶,口,十
号,口,一乙
司,乙,一口
叹,口,乙丶
叻,口,乙丿
叼,口,乙一
叽,口,丿乙
吁,口,一一丨
吃,口,丿一乙
各,丿乙,口
吆,口,乙乙丶
合,人一,口
吉,土,口
吊,口,丨乙丨
同,丨乙,一口
名,丿乙,口
后,丿丿,口
吏,一丨乙一
吐,口,土
向,丿丨,口
吒,口,丿一乙
吓,口,一丨丶
吕,口,口
吖,口,丶丿丨
吗,口,乙乙一
君,乙一,口
吝,丶一,口
吞,一一,口
吟,口,人丶乙
吠,口,一丿丶
吡,口,一乙丿
吣,口,丶乙丶
否,一丿,口
吧,口,乙丨一
吨,口,一乙丨
吩,口,丿丶乙
含,人丶,口
听,口,丿丿一
吭,口,丶一丿
吮,口,乙丶丿
启,丶乙,口
吱,口,十乙
吲,口,乙一乙
吴,口,一一丿
吵,口,丨丿丶
吸,口,丿乙丶
吹,口,丿乙人
吻,口,丿乙丿
吼,口,乙丨一
吽,口,丿一一
吾,一丨,口
呀,口,一乙丨
呃,口,一丿乙
呆,口,木
呇,水,口
呈,口,一一丨
告,丿一,口
呋,口,一一丿
呐,口,丨乙丿
呒,口,一一丿
呓,口,艹乙
呔,口,一丿丶
呕,口,一丿丶
呖,口,一丿乙
呗,口,贝
员,口,贝
呙,口,丨乙丿
呛,口,人乙乙
呜,口,丿乙乙
呢,口,乙一丿
呣,口,乙乙丶
呤,口,人丶乙
呦,口,乙乙丶
周,丿乙,土
呱,口,丿丿乙
呲,口,丨一丨
味,口,一一丨
呵,口,一口丨
呶,口,乙丿一
呷,口,丨乙一
呸,口,一丿丨
呻,口,丨乙一
呼,口,丿丶丿
命,人一,口乙
咀,口,丨乙一
咂,口,一丨乙
咄,口,乙丨丨
咆,口,丿乙乙
咇,口,丶乙丶
咉,口,丨乙一
咋,口,丿一丨
和,丿一,口
咍,口,乙丶口
咎,丿乙,口
咏,口,丶乙乙
咐,口,人一丨
咒,口口,丿乙
咔,口,丨一一
咕,口,十口
咖,口,乙丿口
咙,口,一丿乙
咚,口,丿乙丶
咛,口,丶丶乙
咝,口,乙乙乙
咡,口,一丨丨
咣,口,丨丶丿
咤,口,丶丶乙
咥,口,一乙丶
咦,口,一乙一
咧,口,一丿乙
咨,丶一,口
咩,口,丶丿一
咪,口,丶丿木
咫,乙一,口丿
咬,口,丶一丿
咯,口,丿乙丶
咱,口,丿丨乙
咳,口,丶一乙
咴,口,一丿丶
咸,一丿,口
咺,口,一日
咻,口,人木
咽,口,丨乙一
咿,口,人乙一
哀,丶一,口丿
品,口,口口
哂,口,一丨乙
哃,口,丨乙一
哄,口,一丨丨
哆,口,丿乙丶
哇,口,土土
哈,口,人一口
哉,十,口
哌,口,丿丿丿
响,口,丿丨乙
哎,口,艹丿
哏,口,乙一一
哐,口,一一一
哑,口,一丨丨
哒,口,一丿丶
哓,口,一乙丿
哔,口,一乙丿
哕,口,丨乙丨
哗,口,人丿乙
哙,口,人一一
哚,口,丿乙木
哝,口,丶乙丿
哞,口,乙丶丿
哟,口,乙乙一
哢,口,一一丨
哥,一口,一口
哦,口,丿一丨
哧,口,土丿
哨,口,丨丶丿
哩,口,丨乙一
哪,口,乙一一
哭,口口,一丿
哮,口,十一
哱,口,十丶
哲,手,口
哳,口,手丿
哺,口,一丨乙
哼,口,丶一口
哽,口,一丨乙
哿,乙丿,一口
唁,口,丶一一
唆,口,乙丶丿
唇,一丿,口
唉,口,乙丶丿
唏,口,丿丶一
唐,丶一,乙一
唑,口,人人土
唔,口,一丨乙
唛,口,一一丨
唝,口,一丨一
唠,口,艹丶
唢,口,丨丶丿
唣,口,丿丨乙
唤,口,丿乙丨
唧,口,乙一一
唪,口,一一一
唬,口,丨一乙
售,人丶,口
唯,口,人丶一
唰,口,乙一丿
唱,口,日日
唳,口,丶乙一
唵,口,一丿丶
唷,口,丶一乙
唼,口,丶一丶
唾,口,丿一丨
唿,口,丿乙丿
啁,口,丿乙土
啃,口,丨一丨
啄,口,一丿乙
商,丶一,丨乙
啉,口,木木
啊,口,乙丨一
啐,口,丶一人
啕,口,丿乙丿
啖,口,丶丿人
啜,口,乙丶乙
啡,口,丨一一
啤,口,丿丨乙
啥,口,人一十
啦,口,手丶
啧,口,一一丨
啪,口,手丿
啫,口,十一
啬,十,丨乙
啭,口,一乙丨
啮,口,丨一丨
啰,口,丨乙丨
啴,口,丶丿丨
啵,口,水乙丿
啶,口,丶丶乙
啷,口,丶乙一
啸,口,乙一一
啻,丶一,口
啼,口,丶一丶
啾,口,丿一丨
喀,口,丶丶乙
喁,口,丨乙一
喂,口,丨乙一
喃,口,十丨
善,丶丿,口
喆,土,土
喇,口,一丨乙
喈,口,一乙丿
喉,口,人乙一
喊,口,一丿一
喋,口,一丨丨
喏,口,艹一
喑,口,丶一丶
喔,口,乙一丿
喘,口,丨乙丨
喙,口,乙乙一
喜,土,口
喝,口,日丿
喟,口,丨乙一
喤,口,丿丨乙
喧,口,丶丶乙
喱,口,一丿丨
喳,口,木日
喵,口,艹丨
喷,口,十艹
喹,口,一丿丶
喻,口,人一月
喽,口,丶丿木
喾,丶丶,丿一
嗄,口,一丿丨
嗅,口,丿丨乙
嗉,口,一一丨
嗌,口,丶丿一
嗍,口,丶丿一
嗐,口,丶丶乙
嗑,口,土乙
嗒,口,艹人
嗓,口,乙丶乙
嗔,口,十丨
嗖,口,丿丨一
嗜,口,十一
嗝,口,一口丨
嗞,口,丶丿一
嗟,口,丶丿一
嗡,口,丿丶乙
嗣,口丨,乙一
嗤,口,乙丨丨
嗥,口,丿丨乙
嗦,口,十丶
嗨,口,水丿一
嗪,口,一一一
嗫,口,一丨丨
嗬,口,艹人
嗯,口,丨乙一
嗲,口,丿丶丿
嗳,口,丿丶丶
嗵,口,乙丶丨
嗷,口,一一丨
嗽,口,一丨乙
嗾,口,丶一乙
嘀,口,丶一丶
嘁,口,一丿丨
嘈,口,一丨乙
嘉,土,乙丿
嘌,口,一丨乙
嘎,口,一丿丨
嘏,十,乙一
嘘,口,丨一乙
嘚,口,丿丿丨
嘛,口,丶一丿
嘞,口,一丨丨
嘟,口,十一
嘡,口,丨丶丿
嘣,口,丨乙丨
嘤,口,贝贝
嘧,口,丶丶乙
嘬,口,日一
嘭,口,土口
嘱,口,乙一丿
嘲,口,十日
嘴,口,丨一丨
嘶,口,一丨丨
嘹,口,一丿丶
嘻,口,土口
嘿,口,丨乙丶
噀,口,乙一乙
噂,口,丶丿一
噇,口,丶一丶
噌,口,丶丿丨
噍,口,人丶一
噎,口,土丶
噔,口,乙丶丿
噗,口,丨丨丶
噘,口,一丿丶
噙,口,人丶一
噜,口,丿乙丨
噢,口,丿丨乙
噤,口,木木一
器,口口,一丿
噩,一丨,口口
噪,口,口口口
噫,口,丶一丶
噬,口,丿一丶
噱,口,丨一乙
噶,口,艹日
噻,口,丶丶乙
噼,口,乙一丿
嚄,口,艹人
嚅,口,一丶乙
嚆,口,艹丶
嚎,口,丶一口
嚏,口,十丶
嚓,口,丶丶乙
嚚,口口,一丨
嚣,口口,一丿
嚭,土,一丿
嚯,口,一丶乙
嚷,口,丶一口
嚼,口,丿丶丶
囊,一丨,口口
囔,口,一丨乙
囚,丨乙,人
四,丨乙,丿乙
回,丨乙,口
囟,丿丨,丿丶
因,丨乙,一丿
囡,丨乙,乙丿
团,丨乙,一丨
囤,丨乙,一乙
囫,丨乙,丿乙
园,丨乙,一一
困,丨乙,木
囱,丿丨,丿乙
围,丨乙,一一
囵,丨乙,人丿
囷,丨乙,丿一
囹,丨乙,人丶
固,丨乙,十
国,丨乙,一一
图,丨乙,丿乙
囿,丨乙,一丿
圃,丨乙,一丨
圄,丨乙,一丨
圆,丨乙,口贝
圈,丨乙,丶丿
圉,丨乙,土
圊,丨乙,一一
圌,丨乙,丨乙
圐,丨乙,丨乙
圙,丨乙,丿丶
圜,丨乙,丨乙
土,土
圢,土,一丨
圣,乙丶,土
在,一丿,土
圩,土,一一
圪,土,丿一
圫,土,丿一
圬,土,一一
圭,土,土
圮,土,乙一
圯,土,乙一
地,土,乙丨
圲,土,丿一
圳,土,丿丨
圹,土,丶一
场,土,乙丿
圻,土,丿丿
圾,土,丿乙
址,土,丨一
坂,土,丿丿
均,土,丿乙
坉,土,一乙
坊,土,丶一
坋,土,丿丶
坌,丿丶,土
坍,土,丿乙
坎,土,丿乙
坏,土,一丿
坐,人人,土
坑,土,丶一
坒,一乙,土
块,土,乙一
坚,丨丨,土
坛,土,一一
坜,土,一丿
坝,土,贝
坞,土,丿乙
坟,土,丶一
坠,乙丨,土
坡,土,乙丿
坤,土,丨乙
坥,土,丨乙
坦,土,日
坨,土,丶丶
坩,土,一丨
坪,土,一丶
坫,土,丨一
坬,土,丿丿
坭,土,乙一
坯,土,一丿
坰,土,丨乙
坳,土,乙乙
坷,土,一口
坻,土,丿乙
坼,土,丿丿
坽,土,人丶
垂,丿一丨一
垃,土,丶一
垄,一丿,土
垆,土,丨一
垈,人一,土
型,一一,土
垌,土,丨乙
垍,土,丿丨
垎,土,丿乙
垏,土,乙一
垒,乙丶,土
垓,土,丶一
垕,丿丿,土
垙,土,丨丶
垚,土,土
垛,土,丿乙
垞,土,丶丶
垟,土,丶丿
垠,土,乙一
垡,人一,土
垢,土,丿丿
垣,土,一日
垤,土,一乙
垦,乙一,土
垧,土,丿丨
垩,一丨,土
垫,手,土
垭,土,一丨
垮,土,一丿
垯,土,一丿
垱,土,丨丶
垲,土,丨乙
垴,土,丶一
垵,土,丶丶
垸,土,丶丶
垺,土,丿丶
垾,土,日
垿,土,丶一
埂,土,一丨
埃,土,乙丶
埆,土,丿乙
埇,土,乙丶
埋,土,丨乙
埌,土,丶乙
城,土,一丿
埏,土,丿丨
埒,土,丿丶
埔,土,一丨
埕,土,口一
埗,土,丨一
埘,土,日
埙,土,口贝
埚,土,口丨
埝,土,人丶
域,土,一口
埠,土,丿丨
埤,土,丿丨
埪,土,丶丶
埫,土,丨丶
埭,土,乙一
埯,土,一丿
埴,土,十
埵,土,丿一
埸,土,日
培,土,丶一
基,一丨,土
埼,土,一丿
埽,土,乙一
堂,丨丶,土
堃,丶一,土
堆,土,人丶
堇,一丨,丨乙
堉,土,丶一
堋,土,月月
堌,土,丨乙
堍,土,丿乙
堎,土,土
堐,土,一丿
堑,一乙,土
堕,乙丨,土
堙,土,一丨
堞,土,一丨
堠,土,人乙
堡,人口,土
堤,土,日
堧,土,一丿
堨,土,日
堪,土,一丨
堰,土,一日
堲,乙一,土
堵,土,十
堼,土,土
堽,土,丨乙
堾,土,一一
塄,土,丨乙
塅,土,丿丨
塆,土,丶一
塌,土,日
塍,月丶,土
塑,丶丿,土
塔,土,艹
塘,土,丶一
塝,土,丶一
塞,丶丶,土
塥,土,一口
填,土,十
塬,土,一丿
塱,丶乙,土
塾,丶一,土
墀,土,乙一
墁,土,日
境,土,丶一
墅,丨乙,土
墈,土,一丨
墉,土,丶一
墐,土,一丨
墒,土,丶一
墓,艹,土
墕,土,一丨
墘,土,十
墙,土,十
墚,土,水乙
增,土,丶丿
墟,土,丨一
墡,土,丶丿
墣,土,丨丨
墦,土,丿丶
墨,丨乙,土
墩,土,丶一
墼,一丨,土
壁,乙一,土
壅,丶一,土
壑,丨一,土
壕,土,丶一
壤,土,丶一
士,土
壬,丿一丨一
壮,丶一,土
声,土,乙丨
壳,土,丿乙
壶,土,丨丨
壸,土,一丨
壹,土,一口
处,丿乙,丨丶
备,丿乙,丨乙
复,丿一,日
夏,一丿,丿乙
夐,丿乙,丿乙
夔,丶丿,丿乙
夕,丿乙丶
外,丿乙,丨丶
夙,丿乙,一丿
多,丿乙,丿乙
夜,丶一,人丿
够,丿乙,丿乙
夤,丿乙,丶丶
夥,丨乙,丿乙
大,一丿丶
天,一一丿丶
太,一丿丶丶
夫,一一丿丶
夬,乙一丿丶
夭,丿一丿丶
央,丨乙一丿
夯,一丿,乙丿
失,丿一一丿
头,丶丶一丿
夷,一乙一乙
夸,一丿,一一
夹,一丶丿一
夺,一丿,一丨
夼,一丿,丿丨
奁,一丿,一丿
奂,丿乙,丨乙
奄,一丿,丨乙
奇,一丿,一口
奈,一丿,一一
奉,一一,一一
奋,一丿,丨乙
奎,一丿,土
奏,一一,一一
契,一一,一丿
奓,一丿,丿乙
奔,一丿,十
奕,丶一,一丿
奖,丶一,一丿
套,一丿,一丨
奘,乙丨,一丿
奚,丿丶,乙乙
奠,丶丿,一丿
奡,一丿,一丿
奢,一丿,十
奥,丿丨,一丿
奭,一一丿日
女,乙丿一
奴,乙丿,乙丶
奶,乙丿,乙丿
奸,乙丿,一一
她,乙丿,乙丨
好,乙丿,乙丨
妁,乙丿,丿乙
如,乙丿,口
妃,乙丿,乙一
妄,丶一,乙丿
妆,丶一,乙丿
妇,乙丿,乙一
妈,乙丿,乙乙
妊,乙丿,丿一
妍,乙丿,一一
妒,乙丿,丶乙
妓,乙丿,十
妖,乙丿,丿一
妗,乙丿,人丶
妘,乙丿,一一
妙,乙丿,丨丿
妞,乙丿,乙丨
妣,乙丿,一乙
妤,乙丿,乙丶
妥,丿丶,乙丿
妧,乙丿,一一
妨,乙丿,丶一
妩,乙丿,一一
妪,乙丿,一丿
妫,乙丿,丶丿
妭,乙丿,一丿
妮,乙丿,乙一
妯,乙丿,丨乙
妲,乙丿,日
妹,乙丿,一一
妻,一乙,乙丿
妾,丶一,乙丿
姆,乙丿,乙乙
姈,乙丿,人丶
姊,乙丿,丿乙
始,乙丿,乙丶
姐,乙丿,丨乙
姑,乙丿,十
姒,乙丿,乙丶
姓,乙丿,丿一
委,丿一,乙丿
姗,乙丿,丿乙
姘,乙丿,丶丿
姚,乙丿,丿丶
姜,丶丿,乙丿
姝,乙丿,丿一
姞,乙丿,土
姣,乙丿,丶一
姤,乙丿,丿丿
姥,乙丿,十
姨,乙丿,一乙
姬,乙丿,一丨
姮,乙丿,一日
姱,乙丿,一丿
姶,乙丿,人一
姹,乙丿,丶丶
姻,乙丿,丨乙
姽,乙丿,丿乙
姿,丶一,乙丿
娀,乙丿,一一
威,一丿,乙丿
娃,乙丿,土
娄,丶丿,乙丿
娅,乙丿,一丨
娆,乙丿,一乙
娇,乙丿,丿一
娈,丶一,乙丿
娉,乙丿,丨乙
娌,乙丿,丨乙
娑,水丨,乙丿
娓,乙丿,乙一
娘,乙丿,丶乙
娜,乙丿,乙一
娟,乙丿,口月
娠,乙丿,一丿
娣,乙丿,丶丿
娥,乙丿,丿一
娩,乙丿,丿乙
娱,乙丿,口一
娲,乙丿,口丨
娴,乙丿,丶丨
娵,乙丿,一丨
娶,一丨,乙丿
娼,乙丿,日
婀,乙丿,乙丨
婆,水乙,乙丿
婉,乙丿,丶丶
婊,乙丿,一一
婌,乙丿,丨一
婍,乙丿,一丿
婕,乙丿,一乙
婘,乙丿,丶丿
婚,乙丿,丿乙
婞,乙丿,土
婠,乙丿,丶丶
婢,乙丿,丿丨
婤,乙丿,丿乙
婧,乙丿,一一
婪,木木,乙丿
婫,乙丿,日
婳,乙丿,一丨
婴,贝,乙丿
婵,乙丿,丶丿
婶,乙丿,丶丶
婷,乙丿,丶一
婺,乙丶,乙丿
婻,乙丿,十
婼,乙丿,艹
婿,乙丿,乙丨
媂,乙丿,丶一
媄,乙丿,丶丿
媆,乙丿,一丿
媒,乙丿,一丨
媓,乙丿,丿丨
媖,乙丿,艹
媚,乙丿,乙丨
媛,乙丿,丿丶
媞,乙丿,日
媪,乙丿,日
媭,丿丿,乙丿
媱,乙丿,丿丶
媲,乙丿,丿丨
媳,乙丿,丿丨
媵,月丶,乙丿
媸,乙丿,乙丨
媾,乙丿,一一
嫁,乙丿,丶丶
嫂,乙丿,丿丨
嫄,乙丿,一丿
嫉,乙丿,丶一
嫌,乙丿,丶丿
嫒,乙丿,丿丶
嫔,乙丿,丶丶
嫕,乙丿,一丿
嫖,乙丿,一丨
嫘,乙丿,丨乙
嫚,乙丿,日
嫜,乙丿,丶一
嫠,一一,乙丿
嫡,乙丿,丶一
嫣,乙丿,一丨
嫦,乙丿,丨丶
嫩,乙丿,一丨
嫪,乙丿,乙丶
嫫,乙丿,艹
嫭,乙丿,丨一
嫱,乙丿,十
嫽,乙丿,一丿
嬉,乙丿,土
嬖,乙一,乙丿
嬗,乙丿,丶一
嬛,乙丿,丨乙
嬥,乙丿,乙丶
嬬,乙丿,一丶
嬴,丶一,乙丿
嬷,乙丿,丶一
嬿,乙丿,一丨
孀,乙丿,一丶
孅,乙丿,人人
子,乙丨一
孑,乙丨一
孓,乙丨丶
孔,乙丨,乙
孕,乙丿,乙丨
孖,乙丨,乙丨
字,丶丶,乙丨
存,一丿,乙丨
孙,乙丨,丨丿
孚,丿丶,乙丨
孛,十,乙丨
孜,乙丨,丿一
孝,十,乙丨
孟,乙丨,丨乙
孢,乙丨,丿乙
季,丿一,乙丨
孤,乙丨,丿丿
孥,乙丿,乙丨
学,丶丶,乙丨
孩,乙丨,丶一
孪,丶一,乙丨
孬,一丿,乙丿
孰,丶一,丿乙
孱,乙一,乙丨
孳,丶丿,乙丨
孵,丿乙,丿丶
孺,乙丨,一丶
孽,艹,乙丨
宁,丶丶,一丨
它,丶丶,丿乙
宄,丶丶,丿乙
宅,丶丶,丿一
宇,丶丶,一一
守,丶丶,一丨
安,丶丶,乙丿
宋,丶丶,木
完,丶丶,一一
宏,丶丶,一丿
宓,丶丶,丶乙
宕,丶丶,一丿
宗,丶丶,一一
官,丶丶,丨乙
宙,丶丶,丨乙
定,丶丶,一丨
宛,丶丶,丿乙
宜,丶丶,丨乙
宝,丶丶,一一
实,丶丶,丶丶
宠,丶丶,一丿
审,丶丶,丨乙
客,丶丶,丿乙
宣,丶丶,一日
室,丶丶,一乙
宥,丶丶,一丿
宦,丶丶,一丨
宧,丶丶,一丨
宪,丶丶,丿一
宫,丶丶,口口
宬,丶丶,一丿
宰,丶丶,丶一
害,丶丶,一一
宴,丶丶,日
宵,丶丶,丨丶
家,丶丶,一丿
宸,丶丶,一丿
容,丶丶,丿丶
宽,丶丶,艹
宾,丶丶,丿丨
宿,丶丶,人一
寁,丶丶,一乙
寂,丶丶,丨一
寄,丶丶,一丿
寅,丶丶,一丨
密,丶丶,丨乙
寇,丶丶,一一
富,丶丶,一口
寐,丶丶,乙丨
寒,丶丶,丶丶
寓,丶丶,丨乙
寝,丶丶,丶一
寞,丶丶,艹
察,丶丶,丿乙
寡,丶丶,一丿
寤,丶丶,乙丨
寥,丶丶,乙丶
寨,丶丶,木
寮,丶丶,一丿
寰,丶丶,丨乙
寸,一丨丶
对,乙丶,一丨
寺,土,一丨
寻,乙一,一丨
导,乙一,一丨
寿,一一,一丨
封,土,一丨
射,丿丨,一丨
将,丶一,丿乙
尉,乙一,一丨
尊,丶丿,一丨
小,丨丿丶
少,丨丿丶丿
尔,丿乙,丨丿
尕,乙丿,丨丿
尖,丨丿,一丿
尘,丨丿,土
尚,丨丶,丨乙
尜,丨丿,一丿
尝,丨丶,一一
尢,一丿乙
尤,一丿乙丶
尥,一丿,丿乙
尧,一乙,一丿
尨,一丿乙丿
尪,一丿,一一
尬,一丿,人丿
就,丶一,一丿
尴,一丿,丨丨
尸,乙一丿
尹,乙一一丿
尺,乙一丿丶
尻,乙一,丿乙
尼,乙一,丿乙
尽,乙一,丶丶
尾,乙一,丿一
尿,乙一,水
局,乙一,乙口
屁,乙一,一乙
层,乙一,一一
屃,乙一,贝
居,乙一,十
屈,乙一,乙丨
屉,乙一,一丨
届,乙一,丨乙
屋,乙一,一乙
屎,乙一,丶丿
屏,乙一,丶丿
屐,乙一,丿丿
屑,乙一,丨丶
展,乙一,一丨
屙,乙一,乙丨
属,乙一,丿丨
屠,乙一,十
屡,乙一,丶丿
屣,乙一,丿丿
履,乙一,丿丿
屦,乙一,丿丿
屯,一乙丨乙
山,丨乙丨
屹,丨乙,丿一
屺,丨乙,乙一
屼,丨乙,一丿
屾,丨乙,丨乙
屿,丨乙,一乙
岁,丨乙,丿乙
岂,丨乙,乙一
岈,丨乙,一乙
岊,乙丨,丨乙
岌,丨乙,丿乙
岍,丨乙,一一
岐,丨乙,十
岑,丨乙,人丶
岔,丿丶,丨乙
岖,丨乙,一丿
岗,丨乙,丨乙
岘,丨乙,丨乙
岙,丿一,丨乙
岚,丨乙,丿乙
岛,丿乙,丨乙
岜,丨乙,乙丨
岞,丨乙,丿一
岠,丨乙,一乙
岢,丨乙,一口
岣,丨乙,丿乙
岨,丨乙,丨乙
岩,丨乙,一丿
岫,丨乙,丨乙
岬,丨乙,丨乙
岭,丨乙,人丶
岱,人一,丨乙
岳,丿丨,丨乙
岵,丨乙,十
岷,丨乙,乙一
岸,丨乙,一丿
岽,丨乙,一乙
岿,丨乙,丨丿
峁,丨乙,丿乙
峂,丨乙,丿乙
峃,丶丶,丨乙
峄,丨乙,乙丶
峋,丨乙,丿乙
峒,丨乙,丨乙
峗,丨乙,丿乙
峘,丨乙,一日
峙,丨乙,土
峛,丨乙,一丿
峡,丨乙,一丶
峣,丨乙,一乙
峤,丨乙,丿一
峥,丨乙,丿乙
峦,丶一,丨乙
峧,丨乙,丶一
峨,丨乙,丿一
峪,丨乙,丿丶
峭,丨乙,丨丶
峰,丨乙,丿乙
峱,丿乙,乙丨
峻,丨乙,乙丶
峿,丨乙,一丨
崀,丨乙,丶乙
崁,丨乙,土
崂,丨乙,艹
崃,丨乙,一丶
崄,丨乙,人一
崆,丨乙,丶丶
崇,丨乙,丶丶
崌,丨乙,乙一
崎,丨乙,一丿
崒,丨乙,丶一
崔,丨乙,人丶
崖,丨乙,一丿
崚,丨乙,土
崛,丨乙,乙一
崞,丨乙,丶一
崟,丨乙,金
崡,丨乙,乙丨
崤,丨乙,丿丶
崦,丨乙,一丿
崧,丨乙,木丿
崩,丨乙,月月
崭,丨乙,一乙
崮,丨乙,丨乙
崴,丨乙,一丿
崶,丨乙,土
崽,丨乙,丨乙
崾,丨乙,一丨
崿,丨乙,口口
嵁,丨乙,一丨
嵅,丨乙,一丿
嵇,丿一,一丿
嵊,丨乙,丿一
嵋,丨乙,乙丨
嵌,丨乙,一丨
嵎,丨乙,丨乙
嵖,丨乙,木日
嵘,丨乙,艹
嵚,丨乙,金
嵛,丨乙,人一
嵝,丨乙,丶丿
嵩,丨乙,丶一
嵫,丨乙,丶丿
嵬,丨乙,丿丨
嵯,丨乙,丶丿
嵲,丨乙,丿丨
嵴,丨乙,丶一
嶂,丨乙,丶一
嶅,一一,丨乙
嶍,丨乙,乙丶
嶒,丨乙,丶丿
嶓,丨乙,丿丶
嶙,丨乙,丶丿
嶝,丨乙,乙丶
嶟,丨乙,丶丿
嶦,丨乙,丿乙
嶲,丨乙,人丶
嶷,丨乙,丿乙
巅,丨乙,十
巇,丨乙,丨一
巉,丨乙,丿乙
巍,丨乙,丿一
川,丿丨丨
州,丶丿丶丨
巡,乙乙,丶乙
巢,乙乙,丨乙
工,一丨一
左,一丿,一丨
巧,一丨,一乙
巨,一乙一乙
巩,一丨,丿乙
巫,一丨,人人
差,丶丿,一丨
巯,乙丶,丶一
己,乙一乙
已,乙一乙
巳,乙一乙
巴,乙丨一乙
巷,一丨,乙一
巽,乙一,一丨
巾,丨乙丨
币,丿丨乙丨
市,丶一,丨乙
布,一丿,丨乙
帅,丨丿,丨乙
帆,丨乙,丿乙
师,丨丿,一丨
希,丿丶,一丿
帏,丨乙,一一
帐,丨乙,丿一
帑,乙丿,丨乙
帔,丨乙,乙丿
帕,丨乙,丿丨
帖,丨乙,丨一
帘,丶丶,丨乙
帙,丨乙,丿一
帚,乙一,丨乙
帛,丿丨,丨乙
帜,丨乙,口丿
帝,丶一,丨乙
帡,丨乙,丶丿
带,一丨,丨乙
帧,丨乙,丨一
帨,丨乙,丶丿
席,丶一,丨乙
帮,一一,丨乙
帱,丨乙,一一
帷,丨乙,人丶
常,丨丶,丨乙
帻,丨乙,一一
帼,丨乙,丨乙
帽,丨乙,丨乙
幂,丶乙,丨乙
幄,丨乙,乙一
幅,丨乙,一口
幌,丨乙,日
幔,丨乙,日
幕,艹,丨乙
幖,丨乙,一丨
幛,丨乙,丶一
幞,丨乙,丨丨
幡,丨乙,丿丶
幢,丨乙,丶一
幪,丨乙,艹
干,一一丨
平,一丶丿十
年,丿一一丨
并,丶丿一一
幸,土,丶丿
幺,乙乙丶
幻,乙乙,乙
幼,乙乙,乙丿
幽,丨乙乙丶
广,丶一丿
庄,丶一,土
庆,丶一,一丿
庇,丶一,一乙
床,丶一,木
庋,丶一,十
序,丶一,乙丶
庐,丶一,丶乙
庑,丶一,一一
库,丶一,一乙
应,丶一,丶丶
底,丶一,丿乙
庖,丶一,丿乙
店,丶一,丨一
庙,丶一,丨乙
庚,丶一,乙一
府,丶一,人一
庞,丶一,一丿
废,丶一,乙丿
庠,丶一,丶丿
庤,丶一,土
庥,丶一,人木
度,丶一,乙丶
座,丶一,人人
庭,丶一,丿一
庱,丶一,土
庳,丶一,丿丨
庵,丶一,一丿
庶,丶一,丶丶
康,丶一,乙一
庸,丶一,乙一
庹,丶一,乙一
庼,丶一,一乙
庾,丶一,丿丨
廆,丶一,丿丨
廉,丶一,丶丿
廊,丶一,丶乙
廋,丶一,丿丨
廑,丶一,一丨
廒,丶一,一一
廓,丶一,丶一
廖,丶一,乙丶
廙,丶一,丨乙
廛,丶一,丨乙
廨,丶一,丿乙
廪,丶一,丶一
延,丿丨,乙丶
廷,丿一,乙丶
建,乙一,乙丶
廿,一丨丨一
开,一一丿丨
弁,乙丶,一丿
异,乙一,一丿
弃,丶一,一丿
弄,一一,一丿
弆,土,一丿
弇,人一,一丿
弈,丶一,一丿
弊,丶丿,一丿
弋,一乙丶
式,一一丨一
弑,丿丶,一一
弓,乙一乙
引,乙一,丨
弗,乙一乙丿
弘,乙一,乙丶
弛,乙一,乙丨
弟,丶丿,乙一
张,乙一,丿一
弢,乙一,乙丨
弥,乙一,丿乙
弦,乙一,丶一
弧,乙一,丿丿
弨,乙一,乙丿
弩,乙丿,乙一
弭,乙一,一丨
弯,丶一,乙一
弱,乙一,乙一
弶,乙一,丶一
弸,乙一,月月
弹,乙一,丶丿
强,乙一,口丨
弼,乙一,一丿
彀,土,乙一
归,丨丿,乙一
当,丨丶,乙一
录,乙一,水
彖,乙乙一丿
彗,一一,乙一
彘,乙乙,一乙
彝,乙乙,丶丿
彟,乙一,艹
形,一一,丿丿
彤,丿乙,丿丿
彦,丶一,丿丿
彧,一口一乙
彩,丿丶,丿丿
彪,丨一,丿丿
彬,木木,丿丿
彭,土,丿丿
彰,丶一,丿丿
影,日,丿丿
彳,丿丿丨
彷,丿丿,丶一
役,丿丿,丿乙
彻,丿丿,一乙
彼,丿丿,乙丿
往,丿丿,丶一
征,丿丿,一丨
徂,丿丿,丨乙
径,丿丿,乙丶
待,丿丿,土
徇,丿丿,丿乙
很,丿丿,乙一
徉,丿丿,丶丿
徊,丿丿,丨乙
律,丿丿,乙一
徐,丿丿,人一
徒,丿丿,土
徕,丿丿,一丶
得,丿丿,日
徘,丿丿,丨一
徙,丿丿,丨一
徛,丿丿,一丿
徜,丿丿,丨丶
御,丿丿,丿一
徨,丿丿,丿丨
循,丿丿,丿丿
徭,丿丿,丿丶
微,丿丿,丨乙
徵,丿丿,丨乙
德,丿丿,十
徼,丿丿,丿丨
徽,丿丿,丨乙
心,丶乙丶丶
必,丶乙丶丿
忆,丶丶,乙
忉,丶丶,乙丿
忌,乙一,丶乙
忍,乙丿,丶乙
忏,丶丶,丿一
忐,丨一,丶乙
忑,一丨,丶乙
忒,一丶乙丶
忖,丶丶,一丨
志,土,丶乙
忘,丶一,丶乙
忙,丶丶,丶一
忝,一一,丨丶
忞,丶一,丶乙
忠,丨乙,丶乙
忡,丶丶,丨乙
忤,丶丶,丿一
忧,丶丶,一丿
忪,丶丶,丿丶
快,丶丶,乙一
忭,丶丶,丶一
忮,丶丶,十
忱,丶丶,丶乙
忳,丶丶,一乙
念,人丶,丶乙
忸,丶丶,乙丨
忺,丶丶,丿乙
忻,丶丶,丿丿
忽,丿乙,丶乙
忾,丶丶,丿一
忿,丿丶,丶乙
怀,丶丶,一丿
态,一丿,丶乙
怂,人人,丶乙
怃,丶丶,一一
怄,丶丶,一丿
怅,丶丶,丿一
怆,丶丶,人乙
怊,丶丶,乙丿
怍,丶丶,丿一
怎,丿一,丶乙
怏,丶丶,丨乙
怒,乙丿,丶乙
怔,丶丶,一丨
怕,丶丶,丿丨
怖,丶丶,一丿
怙,丶丶,十
怛,丶丶,日
怜,丶丶,人丶
思,丨乙,丶乙
怠,乙丶,丶乙
怡,丶丶,乙丶
急,丿乙,丶乙
怦,丶丶,一丶
性,丶丶,丿一
怨,丿乙,丶乙
怩,丶丶,乙一
怪,丶丶,乙丶
怫,丶丶,乙一
怯,丶丶,土
怵,丶丶,木丶
总,丶丿,丶乙
怼,乙丶,丶乙
怿,丶丶,乙丶
恁,人丿,丶乙
恂,丶丶,丿乙
恃,丶丶,土
恋,丶一,丶乙
恍,丶丶,丨丶
恐,一丨,丶乙
恒,丶丶,一日
恓,丶丶,一丨
恔,丶丶,丶一
恕,乙丿,丶乙
恙,丶丿,丶乙
恚,土,丶乙
恝,一一,丶乙
恢,丶丶,一丿
恣,丶一,丶乙
恤,丶丶,丿丨
恧,一丿,丶乙
恨,丶丶,乙一
恩,丨乙,丶乙
恪,丶丶,丿乙
恫,丶丶,丨乙
恬,丶丶,丿一
恭,一丨,丨丶
息,丿丨,丶乙
恰,丶丶,人一
恳,乙一,丶乙
恶,一丨,丶乙
恸,丶丶,一一
恹,丶丶,一丿
恺,丶丶,丨乙
恻,丶丶,贝
恼,丶丶,丶一
恽,丶丶,丶乙
恿,乙丶,丶乙
悃,丶丶,丨乙
悄,丶丶,丨丶
悆,人一,丶乙
悈,丶丶,一一
悉,丿丶,丶乙
悌,丶丶,丶丿
悍,丶丶,日
悒,丶丶,口乙
悔,丶丶,丿一
悖,丶丶,十
悚,丶丶,一丨
悛,丶丶,乙丶
悝,丶丶,丨乙
悟,丶丶,一丨
悠,人丨,丶乙
悢,丶丶,丶乙
患,丨乙,丶乙
悦,丶丶,丶丿
您,人丿,丶乙
悫,土,丶乙
悬,丨乙,丶乙
悭,丶丶,丨丨
悯,丶丶,丶丨
悰,丶丶,丶丶
悱,丶丶,丨一
悲,丨一,丶乙
悴,丶丶,丶一
悸,丶丶,丿一
悻,丶丶,土
悼,丶丶,丨一
情,丶丶,一一
惆,丶丶,丿乙
惇,丶丶,丶一
惊,丶丶,丶一
惋,丶丶,丶丶
惎,一丨,丶乙
惑,一口,丶乙
惔,丶丶,丶丿
惕,丶丶,日
惘,丶丶,丨乙
惙,丶丶,乙丶
惚,丶丶,丿乙
惛,丶丶,丿乙
惜,丶丶,一丨
惝,丶丶,丨丶
惟,丶丶,人丶
惠,一丨,丶乙
惦,丶丶,丶一
惧,丶丶,丨乙
惨,丶丶,乙丶
惩,丿丿,丶乙
惫,丿乙,丶乙
惬,丶丶,一一
惭,丶丶,一乙
惮,丶丶,丶丿
惯,丶丶,乙乙
惰,丶丶,一丿
想,木丨,丶乙
惴,丶丶,丨乙
惶,丶丶,丿丨
惹,艹,丶乙
惺,丶丶,日
愀,丶丶,丿一
愁,丿一,丶乙
愃,丶丶,丶丶
愆,丿丿,丶乙
愈,人一,丶乙
愉,丶丶,人一
愍,乙一,丶乙
愎,丶丶,丿一
意,丶一,丶乙
愐,丶丶,一丿
愔,丶丶,丶一
愕,丶丶,口口
愚,丨乙,丶乙
感,一丿,丶乙
愠,丶丶,日
愣,丶丶,丨乙
愤,丶丶,十
愦,丶丶,丨乙
愧,丶丶,丿丨
愫,丶丶,一一
愭,丶丶,十
愿,一丿,丶乙
慆,丶丶,丿丶
慈,丶丿,丶乙
慊,丶丶,丶丿
慌,丶丶,艹
慎,丶丶,十
慑,丶丶,一丨
慕,艹,丨丶
慝,一艹,丶
慢,丶丶,日
慥,丶丶,丿一
慧,一一,丶乙
慨,丶丶,乙一
慬,丶丶,一丨
慭,一丶,丶乙
慰,乙一,丶乙
慵,丶丶,丶一
慷,丶丶,丶一
憋,丶丿,丶乙
憎,丶丶,丶丿
憔,丶丶,人丶
憕,丶丶,乙丶
憙,土,丶乙
憧,丶丶,丶一
憨,乙一,丶乙
憩,丿一,丶乙
憬,丶丶,日
憭,丶丶,一丿
憷,丶丶,木木
憺,丶丶,丿乙
憾,丶丶,一丿
懂,丶丶,艹
懈,丶丶,丿乙
懊,丶丶,丿丨
懋,木乙,丶乙
懑,水艹,丶
懒,丶丶,一丨
懔,丶丶,丶一
懦,丶丶,一丶
懵,丶丶,艹
懿,土,丶一
戆,丶一,丶乙
戈,一乙丿丶
戊,一丿乙丿
戋,一一乙丿
戌,一丿,一
戍,一丿,丶
戎,一一丿乙
戏,乙丶,一乙
成,一丿乙乙
我,丿一丨一
戒,一一丿丨
戕,乙丨,一乙
或,一口一乙
戗,人乙,一乙
战,丨一,一乙
戚,一丿,丨一
戛,一丿,一乙
戟,十,一乙
戡,一丨,一乙
戢,口,一丨丨
戣,乙丶,一乙
戤,乙丿,一乙
戥,日,一乙
截,十,人丶
戬,一丨,一乙
戭,丶丶,一乙
戮,乙丶,一乙
戳,乙丶,一乙
戴,十,丨乙
户,丶乙一丿
戽,丶乙,丶丶
戾,丶乙,一丿
房,丶乙,丶一
所,丿丿,丿丿
扁,丶乙,丨乙
扂,丶乙,丨一
扃,丶乙,丨乙
扅,丶乙,丿乙
扆,丶乙,丶一
扇,丶乙,乙丶
扈,丶乙,口乙
扉,丶乙,丨一
扊,丶乙,丶丿
手,手
才,一丨丿
扎,手,乙
扑,手,丨丶
扒,手,丿丶
打,手,一丨
扔,手,乙丿
托,手,丿一
扛,手,一丨
扞,手,一一
扣,手,口
扦,手,丿一
执,手,丿乙
扩,手,丶一
扪,手,丶丨
扫,手,乙一
扬,手,乙丿
扭,手,乙丨
扮,手,丿丶
扯,手,丨一
扰,手,一丿
扳,手,丿丿
扶,手,一一
批,手,一乙
扺,手,丿乙
扼,手,一丿
扽,手,一乙
找,手,一乙
承,乙丨一一
技,手,十
抃,手,丶一
抄,手,丨丿
抉,手,乙一
把,手,乙丨
抑,手,丿乙
抒,手,乙丶
抓,手,丿丿
抔,手,一丿
投,手,丿乙
抖,手,丶丶
抗,手,丶一
折,手,丿丿
抚,手,一一
抛,手,丿乙
抟,手,一一
抠,手,一丿
抡,手,人丿
抢,手,人乙
护,手,丶乙
报,手,乙丨
抨,手,一丶
披,手,乙丿
抬,手,乙丶
抱,手,丿乙
抵,手,丿乙
抹,手,一一
抻,手,丨乙
押,手,丨乙
抽,手,丨乙
抿,手,乙一
拂,手,乙一
拃,手,丿一
拄,手,丶一
担,手,日
拆,手,丿丿
拇,手,乙乙
拈,手,丨一
拉,手,丶一
拊,手,人一
拌,手,丶丿
拍,手,丿丨
拎,手,人丶
拐,手,口乙
拒,手,一乙
拓,手,一丿
拔,手,一丿
拖,手,丿一
拗,手,乙乙
拘,手,丿乙
拙,手,乙丨
招,手,乙丿
拜,手,一一
拟,手,乙丶
拢,手,一丿
拣,手,一乙
拤,手,丨一
拥,手,丿乙
拦,手,丶丿
拧,手,丶丶
拨,手,乙丿
择,手,乙丶
括,手,丿一
拭,手,一一
拮,手,土
拯,手,乙丨
拱,手,一丨
拳,丶丿,手
拴,手,人一
拶,手,乙乙
拷,手,十
拼,手,丶丿
拽,手,丨乙
拾,手,人一
拿,人一,手
持,手,土
挂,手,土
指,手,丿乙
挈,一一,手
按,手,丶丶
挎,手,一丿
挑,手,丿丶
挓,手,丶丶
挖,手,丶丶
挚,手,手
挛,丶一,手
挝,手,一丨
挞,手,一丿
挟,手,一丶
挠,手,一乙
挡,手,丨丶
挣,手,丿乙
挤,手,丶一
挥,手,丶乙
挦,手,乙一
挨,手,乙丶
挪,手,乙一
挫,手,人人
振,手,一丿
挲,水丨,手
挹,手,口乙
挺,手,丿一
挽,手,丿乙
捂,手,一丨
捃,手,乙一
捅,手,乙丶
捆,手,丨乙
捉,手,口丨
捋,手,丿丶
捌,手,口乙
捍,手,日
捎,手,丨丶
捏,手,日
捐,手,口月
捕,手,一丨
捞,手,艹
损,手,口贝
捡,手,人一
换,手,丿乙
捣,手,丿乙
捧,手,一一
捩,手,丶乙
捭,手,丿丨
据,手,乙一
捯,手,一乙
捶,手,丿一
捷,手,一乙
捺,手,一丿
捻,手,人丶
捽,手,丶一
掀,手,丿丿
掂,手,丶一
掇,手,乙丶
授,手,丿丶
掉,手,丨一
掊,手,丶一
掌,丨丶,手
掎,手,一丿
掏,手,丿乙
掐,手,丿乙
排,手,丨一
掖,手,丶一
掘,手,乙一
掞,手,丶丿
掠,手,丶一
探,手,丶乙
掣,丿一,手
接,手,丶一
控,手,丶丶
推,手,人丶
掩,手,一丿
措,手,一丨
掬,手,丿乙
掭,手,一一
掮,手,丶乙
掰,手,丿丶
掳,手,丨一
掴,手,丨乙
掷,手,丶丿
掸,手,丶丿
掺,手,乙丶
掼,手,乙乙
掾,手,乙乙
揄,手,人一
揆,手,乙丶
揉,手,乙丶
揍,手,一一
描,手,艹
提,手,日
插,手,丿一
揕,手,一丨
揖,手,口一
揠,手,一日
握,手,乙一
揣,手,丨乙
揩,手,一乙
揪,手,丿一
揭,手,日
揳,手,一一
援,手,丿丶
揶,手,一丨
揸,手,木日
揽,手,丨丨
揿,手,金
搀,手,丿乙
搁,手,丶丨
搂,手,丶丿
搅,手,丶丶
搋,手,丿丿
搌,手,乙一
搏,手,一丨
搐,手,丶一
搒,手,丶一
搓,手,丶丿
搔,手,乙丶
搛,手,丶丿
搜,手,丿丨
搞,手,丶一
搠,手,丶丿
搡,手,乙丶
搦,手,乙一
搪,手,丶一
搬,手,丿丿
搭,手,艹
搴,丶丶,手
携,手,人丶
搽,手,艹
摁,手,丨乙
摄,手,一丨
摅,手,丨一
摆,手,丨乙
摇,手,丿丶
摈,手,丶丶
摊,手,乙丶
摏,手,一一
摒,手,乙一
摔,手,丶一
摘,手,丶一
摛,手,丶一
摞,手,丨乙
摧,手,丨乙
摩,丶一,手
摭,手,丶一
摴,手,一丶
摸,手,艹
摹,艹,手
摽,手,一丨
撂,手,丨乙
撄,手,贝
撅,手,一丿
撇,手,丶丿
撑,手,丨丶
撒,手,一丨
撕,手,一丨
撖,手,乙一
撙,手,丶丿
撞,手,丶一
撤,手,丶一
撩,手,一丿
撬,手,丿一
播,手,丿丶
撮,手,日
撰,手,乙一
撵,手,一一
撷,手,土
撸,手,丿乙
撺,手,丶丶
撼,手,一丿
擀,手,十
擂,手,一丶
擅,手,丶一
操,手,口口
擎,艹,手
擐,手,丨乙
擒,手,人丶
擘,乙一,手
擞,手,丶丿
擢,手,乙丶
擤,手,丿丨
擦,手,丶丶
擿,手,丶一
攀,木丿,一丿
攉,手,一丶
攒,手,丿一
攘,手,丶一
攥,手,丿一
攫,手,丨乙
攮,手,一丨
支,十,乙丶
收,乙丨,丿一
攸,人丨,丿一
改,乙一,丿一
攻,一丨,丿一
攽,丿丶,丿一
放,丶一,丿一
政,一丨,丿一
故,十,丿一
效,丶一,丿一
敉,丶丿,丿一
敌,丿一,丿一
敏,丿一,丿一
救,一丨,丿一
敔,一丨,丿一
敕,一丨,丿一
敖,一一,丿一
教,十,丿一
敛,人一,丿一
敝,丶丿,丿一
敞,丨丶,丿一
敢,乙一,丿一
散,一丨,丿一
敦,丶一,丿一
敩,丶丶,丿一
敫,丿丨,丿一
敬,艹,丿一
数,丶丿,丿一
敲,丶一,丨一
整,一丨,一丨
敷,一丨,丿一
文,丶一丿丶
斋,丶一,一丿
斌,丶一,一一
斐,丨一,丶一
斑,一一,丶一
斓,丶一,丶丨
斗,丶丶,十
料,丶丿,丶丶
斛,丿乙,丶丶
斜,人一,丶丶
斝,口口,丶丶
斟,一丨,丶丶
斠,一一,丶丶
斡,十,人丶
斤,丿丿一丨
斥,丿丿一丨
斧,丿丶,丿丿
斩,一乙,丿丿
斫,一丿,丿丿
断,丶丿,丿丿
斯,一丨,丿丿
新,丶一,丿丿
斶,丿丿,丨乙
方,丶一乙丿
於,丶一,人丶
施,丶一,丿一
旁,丶一,丶一
旃,丶一,丿一
旄,丶一,丿一
旅,丶一,丿一
旆,丶一,丿一
旋,丶一,丿一
旌,丶一,丿一
旎,丶一,丿一
族,丶一,丿一
旐,丶一,丿一
旒,丶一,丿一
旖,丶一,丿一
旗,丶一,丿一
旞,丶一,丿一
无,一一丿乙
既,乙一,一乙
日,日
旦,日,一
旧,丨,日
旨,丿乙,日
早,日,十
旬,丿乙,日
旭,丿乙,日
旮,丿乙,日
旯,日,丿乙
旰,日,一一
旱,日,一一
旴,日,一一
旵,日,丨乙
时,日,一丨
旷,日,丶一
旸,日,乙丿
旺,日,一一
旻,日,丶一
旿,日,丿一
昀,日,丿乙
昂,日,丿乙
昃,日,一丿
昄,日,丿丿
昆,日,一乙
昇,日,丿一
昈,日,丶乙
昉,日,丶一
昊,日,一一
昌,日,日
明,日,月
昏,丿乙,日
昒,日,丿乙
易,日,丿乙
昔,一丨,日
昕,日,丿丿
昙,日,一一
昝,丿乙,日
星,日,丿一
映,日,丨乙
昡,日,丶一
昣,日,人丿
昤,日,人丶
春,一一,日
昧,日,一一
昨,日,丿一
昪,日,乙丶
昫,日,丿乙
昭,日,乙丿
是,日,一丨
昱,日,丶一
昳,日,丿一
昴,日,丿乙
昵,日,乙一
昶,丶乙,日
昺,日,一丨
昼,乙一,日
昽,日,一丿
显,日,丨丨
晁,日,丿丶
晃,日,丨丶
晅,日,一日
晊,日,一乙
晋,一丨,日
晌,日,丿丨
晏,日,丶丶
晐,日,丶一
晒,日,一丨
晓,日,一乙
晔,日,人丿
晕,日,丶乙
晖,日,丶乙
晗,日,人丶
晙,日,乙丶
晚,日,丿乙
晞,日,丿丶
晟,日,一丿
晡,日,一丨
晢,手,日
晤,日,一丨
晦,日,丿一
晨,日,一丿
晪,日,丨乙
晫,日,丨一
普,丶丿,日
景,日,丶一
晰,日,木丿
晱,日,丶丿
晴,日,一一
晶,日,日
晷,日,丿乙
智,丿一,日
晾,日,丶一
暂,一乙,日
暄,日,丶丶
暅,日,丶丶
暇,日,乙一
暌,日,乙丶
暑,日,十
暕,日,一丨
暖,日,丿丶
暗,日,丶一
暝,日,丶乙
暧,日,丿丶
暨,乙一,日
暮,艹,日
暲,日,丶一
暴,日,一丨
暵,日,一丨
暶,日,丶一
暹,日,丶乙
暾,日,丶一
暿,日,土
曈,日,丶一
曌,日,丶丶
曙,日,丨乙
曛,日,丿一
曜,日,乙丶
曝,日,日
曦,日,丶丿
曩,日,丶一
曰,日
曲,丨乙一丨
曳,丨乙一一
更,一丨乙一
曷,日,丿乙
曹,一丨,日
曼,日,丨乙
曾,丶丿,日
替,一一,日
最,日,一丨
月,月
有,一丿,月
朋,月,月
服,月,乙丨乙
朏,月,乙丨丨
朐,月,丿乙口
朓,月,丿丶一
朔,丶丿,月
朕,月,丶丿一
朗,丶乙,月
望,丶一,一一
朝,十,月
期,一丨,月
朦,月,艹丶
木,木
未,一一丨丿
末,一一丨丿
本,一丨丿丶
札,木,乙
术,木丶
朱,丿一一丨
朳,木,丿丶
朴,木,丨丶
朵,丿乙,木
朸,木,乙丿
机,木,丿乙
朽,木,一乙
杀,丿丶,木
杂,丿乙,木
权,木,乙丶
杄,木,丿一丨
杆,木,一一丨
杈,木,乙丶丶
杉,木,丿丿丿
杌,木,一丿乙
李,木,乙丨一
杏,木,口
材,木,一丨丿
村,木,一丨丶
杓,木,丿乙丶
杕,木,一丿丶
杖,木,一丿丶
杙,木,一乙丶
杜,木,土
杞,木,乙一乙
束,一丨乙一
杠,木,一丨一
条,丿乙,木
来,一丶丿一
杧,木,丶一乙
杨,木,乙丿丿
杩,木,乙乙一
杪,木,丨丿丶
杭,木,丶一丿
杯,木,一丿丨
杰,木,丶丶丶
杲,日,木
杳,木,日
杵,木,丿一十
杷,木,乙丨一
杻,木,乙丨一
杼,木,乙丶乙
松,木,丿丶乙
板,木,丿丿乙
极,木,丿乙丶
构,木,丿乙乙
枅,木,一一丿
枇,木,一乙丿
枉,木,一一丨
枋,木,丶一乙
枍,木,丿丶一
析,木,丿丿一
枕,木,丶乙丿
林,木,木
枘,木,丨乙丿
枚,木,丿一丿
果,丨乙一一
枝,木,十乙
枞,木,人人
枢,木,一丿丶
枣,一丨,丶丶
枥,木,一丿乙
枧,木,丨乙丿
枨,木,丿一乙
枪,木,人乙乙
枫,木,丿乙丿
枭,丿乙,木
枯,木,十口
枰,木,一丶丿
枲,乙丶,木
枳,木,口丿丶
枵,木,口一乙
架,乙丿,木
枷,木,乙丿口
枸,木,丿乙口
枹,木,丿乙乙
柁,木,丶丶乙
柃,木,人丶乙
柄,木,一丨乙
柈,木,丶丿一
柊,木,丿乙丶
柏,木,丿丨乙
某,一丨,木
柑,木,一丨丨
柒,水一,木
染,水丿,木
柔,乙丶,木
柖,木,乙丿口
柘,木,一丿口
柙,木,丨乙一
柚,木,丨乙一
柜,木,一乙一
柝,木,丿丿一
柞,木,丿一丨
柠,木,丶丶乙
柢,木,丿乙一
查,木,日一
柩,木,一丿乙
柬,一丨乙丶
柯,木,一口丨
柰,木,一一丨
柱,木,丶一一
柳,木,丿乙丿
柴,丨一,木
柷,木,口丿乙
柽,木,乙丶土
柿,木,丶一丨
栀,木,丿丿一
栅,木,丿乙丿
标,木,一一丨
栈,木,一一乙
栉,木,艹乙
栊,木,一丿乙
栋,木,一乙丨
栌,木,丨一乙
栎,木,丿乙丨
栏,木,丶丿一
栐,木,丶乙乙
树,木,乙丶一
栒,木,丿乙日
栓,木,人一一
栖,木,一丨乙
栗,一丨,木
栝,木,丿一丨
栟,木,丶丿一
校,木,丶一丿
栩,木,乙丶一
株,木,丿一一
栲,木,十一
栳,木,十一
栴,木,丿一丿
样,木,丶丿一
核,木,丶一乙
根,木,乙一一
栻,木,一一丨
格,木,丿乙丶
栽,十,木
栾,丶一,木
桀,丿乙,木
桁,木,丿丿丨
桂,木,土土
桃,木,丿丶一
桄,木,丨丶丿
桅,木,丿乙一
框,木,一一一
案,丶丶,木
桉,木,丶丶乙
桊,丶丿,木
桌,丨一,木
桎,木,一乙丶
桐,木,丨乙一
桑,乙丶,木
桓,木,一日
桔,木,土口
桕,木,丿丨一
桠,木,一丨丨
桡,木,一乙丿
桢,木,丨一贝
档,木,丨丶丿
桤,木,丨乙丨
桥,木,丿一丿
桦,木,人丿乙
桧,木,人一一
桨,丶一,木
桩,木,丶一丿
桫,木,水丨丿
桯,木,口一一
桲,木,十丶
桴,木,丿丶丶
桶,木,乙丶丨
桷,木,丿乙丿
桹,木,丶乙一
梁,水乙,木
梃,木,丿一丨
梅,木,丿一乙
梆,木,一一一
梌,木,人一木
梏,木,丿一丨
梓,木,丶一丶
梗,木,一丨乙
梠,木,口口
梢,木,丨丶丿
梣,木,丨乙丨
梦,木木,丿乙
梧,木,一丨乙
梨,丿一,木
梭,木,乙丶丿
梯,木,丶丿乙
械,木,一一丿
梳,木,丶一乙
梴,木,丿丨一
梵,木木,丿乙
梼,木,一一一
梽,木,土丶
梾,木,一丶丿
梿,木,一乙一
检,木,人一丶
棁,木,丶丿口
棂,木,乙一一
棉,木,丿丨乙
棋,木,一丨丨
棍,木,日一
棐,丨一,木
棒,木,一一一
棓,木,丶一丶
棕,木,丶丶乙
棘,一丨,一丨
棚,木,月月
棠,丨丶,木
棣,木,乙一一
棤,木,一丨丨
棨,丶乙,木
棪,木,丶丿人
棫,木,一口一
棬,木,丶丿一
森,木,木木
棰,木,丿一丨
棱,木,土丿
棵,木,丨乙一
棹,木,丨一口
棺,木,丶丶乙
棻,艹,木
棼,木木,丿丶
棽,木木,人丶
椀,木,丶丶乙
椁,木,丶一口
椅,木,一丿丶
椆,木,丿乙土
椋,木,丶一口
植,木,十丨
椎,木,人丶一
椐,木,乙一丿
椑,木,丿丨乙
椒,木,丨一一
椓,木,一丿乙
椟,木,十乙
椠,一乙,木
椤,木,丨乙丨
椪,木,丶丿一
椭,木,乙丨一
椰,木,一丨丨
椴,木,丿丨一
椸,木,丶一乙
椹,木,一丨丨
椽,木,乙乙一
椿,木,一一一
楂,木,木日
楒,木,丨乙一
楔,木,一一一
楗,木,乙一一
楙,木,乙丶乙
楚,木木,乙丨
楝,木,一丨乙
楞,木,丨乙丨
楠,木,十丨
楣,木,乙丨一
楦,木,丶丶乙
楩,木,人一丨
楪,木,一丨丨
楫,木,口一丨
楮,木,十一
楯,木,丿丿十
楷,木,一乙丿
楸,木,丿一丨
楹,木,乙丿乙
楼,木,丶丿木
概,木,乙一一
榃,木木,丨乙
榄,木,丨丨丿
榅,木,日丨
榆,木,人一月
榇,木,丶一丶
榈,木,丶丨乙
榉,木,丶丶丿
榍,木,乙一丿
榑,木,一丨乙
榔,木,丶乙一
榕,木,丶丶乙
榖,土,木
榛,木,一一一
榜,木,丶一丶
榧,木,一丨一
榨,木,丶丶乙
榫,木,人丶一
榭,木,丿丨乙
榰,木,十一
榱,木,丶一丨
榴,木,丿乙丶
榷,木,丶乙丿
榻,木,日乙
槁,木,丶一口
槃,丿丿,木
槊,丶丿,木
槌,木,丿丨乙
槎,木,丶丿一
槐,木,丿丨乙
槔,木,丿丨乙
槚,木,一丨乙
槛,木,丨丨丿
槜,木,人丶一
槟,木,丶丶乙
槠,木,丶乙十
槭,木,一丿丨
槱,木,一丨乙
槲,木,丿乙丿
槽,木,一丨乙
槿,木,一丨丨
樊,木丿,一丿
樗,木,一丶乙
樘,木,丨丶丿
樟,木,丶一丶
模,木,艹日
樨,木,乙一丿
横,木,一丨丨
樯,木,十丶
樱,木,贝贝
樵,木,人丶一
樽,木,丶丿一
樾,木,土丨
橄,木,乙一丨
橇,木,丿一一
橐,一丨,一丿
橑,木,一丿丶
橘,木,乙丶乙
橙,木,乙丶丿
橛,木,一丿丶
橞,木,一丨乙
橡,木,丿乙丨
橥,丿乙,木
橦,木,丶一丶
橱,木,一丿一
橹,木,丿乙丨
橼,木,乙乙一
檀,木,丶一丨
檄,木,丿丨乙
檎,木,人丶一
檐,木,丿乙一
檑,木,一丶乙
檗,乙一,木
檞,木,丿乙丿
檠,艹,木
檩,木,丶一丨
檫,木,丶丶乙
檬,木,艹丶
櫆,木,丿丨乙
欂,木,艹水
欠,丿乙,人
次,丶一,丿乙
欢,乙丶,丿乙
欣,丿丿,丿乙
欤,一乙,丿乙
欧,一丿,丿乙
欲,丿丶,丿乙
欸,乙丶,丿乙
欹,一丿,丿乙
欺,一丨,丿乙
欻,丶丿,丿乙
款,土,丿乙
歃,丿一,丿乙
歅,一丨,丿乙
歆,丶一,丿乙
歇,日,丿乙
歉,丶丿,丿乙
歌,一口,丿乙
歙,人一,丿乙
止,丨一丨一
正,一丨一丨
此,丨一,丿乙
步,丨一,丨丿
武,一一,丨一
歧,丨一,十
歪,一丿,一丨
歹,一丿乙丶
死,一丿,丿乙
歼,一丿,丿一
殁,一丿,丿乙
殂,一丿,丨乙
殃,一丿,丨乙
殄,一丿,人丿
殆,一丿,乙丶
殇,一丿,丿一
殉,一丿,丿乙
殊,一丿,丿一
残,一丿,一一
殍,一丿,丿丶
殒,一丿,口贝
殓,一丿,人一
殖,一丿,十
殚,一丿,丶丿
殛,一丿,乙丨
殡,一丿,丶丶
殣,一丿,一丨
殪,一丿,土
殳,丿乙,乙丶
殴,一丿,丿乙
段,丿丨,丿乙
殷,丿丿,丿乙
殿,乙一,丿乙
毁,丿丨,丿乙
毂,土,一乙
毅,丶一,丿乙
毋,乙乙丿一
毌,乙乙丨一
母,乙乙丶一
每,丿一,乙乙
毐,土,乙乙
毒,一一,乙乙
毓,丿一,丶一
比,一乙,丿乙
毕,一乙,十
毖,一乙,丶乙
毗,丨乙,一乙
毙,一乙,一丿
毛,丿一一乙
毡,丿一,丨一
毪,丿一,乙丶
毫,丶一,丿一
毯,丿一,丶丿
毳,丿一,丿一
毵,乙丶,丿一
毹,人一,丿一
毽,丿一,乙一
氅,丨丶,丿一
氆,丿一,丶丿
氇,丿一,丿乙
氍,丨乙,丿一
氏,丿乙一乙
氐,丿乙一乙
民,乙一乙一
氓,丶一,乙一
气,丿一,一乙
氕,丿一,丿
氖,丿一,乙丿
氘,丿一,丿丨
氙,丿一,丨乙
氚,丿一,丿丨
氛,丿一,丿丶
氟,丿一,乙一
氡,丿一,丿乙
氢,丿一,乙丶
氤,丿一,丨乙
氦,丿一,丶一
氧,丿一,丶丿
氨,丿一,丶丶
氩,丿一,一丨
氪,丿一,十
氮,丿一,丶丿
氯,丿一,乙一
氰,丿一,一一
氲,丿一,日
水,水
永,丶乙乙丿
氾,水,乙乙
氿,水,丿乙
汀,水,一丨
汁,水,十
求,一丨丶一
汆,丿丶,水
汇,水,一乙
汈,水,乙一
汉,水,乙丶
汊,水,乙丶丶
汋,水,丿乙丶
汐,水,丿乙丶
汔,水,丿一乙
汕,水,丨乙丨
汗,水,一一丨
汛,水,乙一丨
汜,水,乙一乙
汝,水,乙丿一
汞,一丨,水
江,水,一丨一
池,水,乙丨乙
污,水,一一乙
汤,水,乙丿丿
汧,水,一一丿
汨,水,日
汩,水,日
汪,水,一一丨
汫,水,一一丿
汭,水,丨乙丿
汰,水,一丿丶
汲,水,丿乙丶
汴,水,丶一丨
汶,水,丶一丿
汹,水,丿丶乙
汽,水,丿一一
汾,水,丿丶乙
沁,水,丶乙丶
沂,水,丿丿一
沃,水,丿一丿
沄,水,一一乙
沅,水,一一丿
沆,水,丶一丿
沇,水,乙丶丿
沈,水,丶乙丿
沉,水,丶乙丿
沌,水,一乙丨
沏,水,一乙乙
沐,水,木
沓,水,日
沔,水,一丨乙
沘,水,一乙丿
沙,水,丨丿丶
沚,水,丨一丨
沛,水,一丨乙
沟,水,丿乙乙
没,水,丿乙乙
沣,水,一一一
沤,水,一丿丶
沥,水,一丿乙
沦,水,人丿乙
沧,水,人乙乙
沨,水,丿乙丿
沩,水,丶丿乙
沪,水,丶乙一
沫,水,一一丨
沭,水,木丶
沮,水,丨乙一
沱,水,丶丶乙
河,水,一口丨
沸,水,乙一乙
油,水,丨乙一
沺,水,丨乙一
治,水,乙丶口
沼,水,乙丿口
沽,水,十口
沾,水,丨一口
沿,水,丿乙口
泂,水,丨乙口
泃,水,丿乙口
泄,水,一丨丨
泅,水,丨乙人
泇,水,乙丿口
泉,丿丨,水
泊,水,丿丨乙
泌,水,丶乙丶
泐,水,乙丨乙
泓,水,乙一乙
泔,水,一丨丨
法,水,土乙
泖,水,丿乙丿
泗,水,丨乙丿
泙,水,一丶丿
泚,水,丨一丨
泛,水,丿丶乙
泜,水,丿乙一
泞,水,丶丶乙
泠,水,人丶乙
泡,水,丿乙乙
波,水,乙丿丨
泣,水,丶一丶
泥,水,乙一丿
注,水,丶一一
泪,水,丨乙一
泫,水,丶一乙
泮,水,丶丿一
泯,水,乙一乙
泰,一一,水
泱,水,丨乙一
泳,水,丶乙乙
泵,一丿,水
泷,水,一丿乙
泸,水,丨一乙
泺,水,丿乙丨
泻,水,丶乙一
泼,水,乙丿乙
泽,水,乙丶一
泾,水,乙丶一
洁,水,土口
洄,水,丨乙口
洇,水,丨乙一
洈,水,丿乙一
洋,水,丶丿一
洌,水,一丿乙
洎,水,丿丨乙
洑,水,人一丿
洒,水,一丨乙
洓,水,一丨乙
洗,水,丿一丨
洘,水,十一
洙,水,丿一一
洚,水,丿乙丶
洛,水,丿乙丶
洞,水,丨乙一
洢,水,人乙一
洣,水,丶丿木
津,水,乙一一
洧,水,一丿月
洨,水,丶一丿
洪,水,一丨丨
洫,水,丿丨乙
洭,水,一一一
洮,水,丿丶一
洱,水,一丨丨
洲,水,丶丿丶
洳,水,乙丿一
洴,水,丶丿一
洵,水,丿乙日
洸,水,丨丶丿
洹,水,一日
洺,水,丿乙丶
活,水,丿一丨
洼,水,土土
洽,水,人一口
派,水,丿丿丿
洿,水,一丿丶
流,水,丶一乙
浃,水,一丶丿
浅,水,一一乙
浆,丶一,水
浇,水,一乙丿
浈,水,丨一贝
浉,水,丨丿一
浊,水,丨乙一
测,水,贝丨
浍,水,人一一
济,水,丶一丿
浏,水,丶一丿
浐,水,丶一丶
浑,水,丶乙一
浒,水,丶乙丿
浓,水,丶乙丿
浔,水,乙一一
浕,水,乙一丿
浙,水,手丿
浚,水,乙丶丿
浛,水,人丶乙
浜,水,丿丨一
浞,水,口丨一
浟,水,人丨丿
浠,水,丿丶一
浡,水,十丶
浣,水,丶丶乙
浥,水,口乙丨
浦,水,一丨乙
浩,水,丿一丨
浪,水,丶乙一
浬,水,丨乙一
浭,水,一丨乙
浮,水,丿丶丶
浯,水,一丨乙
浰,水,丿一丨
浲,水,丿乙丶
浴,水,丿丶人
海,水,丿一乙
浸,水,乙一一
浼,水,丿乙丨
涂,水,人一木
涄,水,丨乙一
涅,水,日土
消,水,丨丶丿
涉,水,丨一丨
涌,水,乙丶丨
涍,水,十一
涎,水,丿丨一
涐,水,丿一丨
涑,水,一丨乙
涓,水,口月
涔,水,丨乙丨
涕,水,丶丿乙
涘,水,乙丶丿
涛,水,一一一
涝,水,艹丶
涞,水,一丶丿
涟,水,一乙一
涠,水,丨乙一
涡,水,口丨乙
涢,水,口贝
涣,水,丿乙丨
涤,水,丿乙丶
润,水,丶丨乙
涧,水,丶丨乙
涨,水,乙一乙
涩,水,乙丿丶
涪,水,丶一丶
涫,水,丶丶乙
涮,水,乙一丿
涯,水,一丿土
液,水,丶一人
涴,水,丶丶乙
涵,水,乙丨丶
涸,水,丨乙十
涿,水,一丿乙
淀,水,丶丶乙
淄,水,乙乙乙
淅,水,木丿丿
淆,水,丿丶一
淇,水,一丨丨
淋,水,木木
淌,水,丨丶丿
淏,水,日一
淑,水,丨一一
淖,水,丨一口
淘,水,丿乙丿
淙,水,丶丶乙
淜,水,月月
淝,水,月乙丨
淞,水,木丿丶
淟,水,丨乙一
淠,水,丨乙一
淡,水,丶丿人
淤,水,丶一乙
淦,水,金
淫,水,丿丶丶
淬,水,丶一人
淮,水,人丶一
淯,水,丶一乙
深,水,丶乙丿
淳,水,丶一口
淴,水,丿乙丿
混,水,日一
淹,水,一丿丶
添,水,一一丿
淼,水,水水
清,水,一一丨
渊,水,丿丶丿
渌,水,乙一一
渍,水,一一丨
渎,水,十乙
渐,水,一乙丨
渑,水,口丨乙
渔,水,丿乙丨
渗,水,乙丶一
渚,水,十一
渝,水,人一月
渟,水,丶一口
渠,水一,木
渡,水,丶一丿
渣,水,木日
渤,水,十丶
渥,水,乙一丿
温,水,日丨
渫,水,一丨丨
渭,水,丨乙一
港,水,一丨丨
渰,水,人一口
渲,水,丶丶乙
渴,水,日丿
游,水,丶一乙
渺,水,丨乙一
渼,水,丶丿一
湃,水,手一
湄,水,乙丨一
湉,水,丶丶丨
湍,水,丨乙丨
湎,水,一丿丨
湑,水,乙丨一
湓,水,丿丶乙
湔,水,丶丿一
湖,水,十口
湘,水,木丨乙
湛,水,一丨丨
湜,水,日一
湝,水,一乙丿
湟,水,丿丨乙
湣,水,乙一乙
湫,水,丿一丨
湮,水,一丨乙
湲,水,丿丶丶
湴,水,丶丿一
湾,水,丶一丨
湿,水,日丨
溁,水,艹丶
溃,水,丨乙一
溅,水,贝一
溆,水,人一木
溇,水,丶丿木
溉,水,乙一一
溍,水,一丨丨
溏,水,丶一丿
源,水,一丿丿
溘,水,土乙
溚,水,艹人
溜,水,丿乙丶
溞,水,乙丶丶
溟,水,丶乙日
溠,水,丶丿一
溢,水,丶丿一
溥,水,一丨乙
溦,水,丨乙丨
溧,水,一丨乙
溪,水,丿丶丶
溯,水,丶丿一
溱,水,一一一
溲,水,丿丨一
溴,水,丿丨乙
溵,水,丿丿乙
溶,水,丶丶乙
溷,水,丨乙一
溹,水,十丶
溺,水,乙一乙
溻,水,日乙
溽,水,一丿一
滁,水,乙丨人
滂,水,丶一丶
滃,水,丿丶乙
滆,水,一口丨
滇,水,十丨
滉,水,日丨
滋,水,丶丿一
滍,水,乙丨丨
滏,水,丿丶丿
滑,水,丨乙乙
滓,水,丶丶乙
滔,水,丿丶丶
滕,月丶,水
滗,水,丿一丶
滘,水,丶乙丿
滚,水,丶一丿
滞,水,一丨丨
滟,水,一一一
滠,水,一丨丨
满,水,艹一
滢,水,艹丶
滤,水,丨一乙
滥,水,丨丨丿
滦,水,丶一丨
滧,水,丶一丿
滨,水,丶丶乙
滩,水,乙丶人
滪,水,乙丶乙
滫,水,人丨丿
滴,水,丶一丶
滹,水,丨一乙
漂,水,一丨乙
漆,水,木人水
漈,水,丿乙丶
漉,水,丶一丿
漋,水,乙丨丿
漏,水,乙一丿
漓,水,丶一丿
演,水,丶丶乙
漕,水,一丨乙
漖,水,十一
漠,水,艹日
漤,水,木木乙
漦,一一,水
漩,水,丶一乙
漪,水,丿乙丿
漫,水,日丨
漭,水,艹一
漯,水,丨乙一
漱,水,一丨乙
漳,水,丶一丶
漴,水,丨乙丨
漶,水,丨乙一
漷,水,丶一口
漹,水,一丨一
漻,水,乙丶一
漼,水,丨乙丨
漾,水,丶丿一
潆,水,艹丶
潇,水,艹乙
潋,水,人一丶
潍,水,乙乙一
潏,水,乙丶乙
潖,水,一一丨
潘,水,丿丶丿
潜,水,一一丿
潞,水,口丨一
潟,水,丿丨一
潢,水,一丨丨
潦,水,一丿丶
潩,水,丨乙一
潭,水,一丨乙
潮,水,十日
潲,水,丿一丨
潴,水,丿乙丿
潵,水,一丨丨
潸,水,木木月
潺,水,乙一丿
潼,水,丶一丶
潽,水,丶丿一
潾,水,丶丿木
澂,水,丨乙丨
澄,水,乙丶丿
澈,水,丶一乙
澉,水,乙一丨
澌,水,一丨丨
澍,水,土口
澎,水,土口
澛,水,丿乙丨
澜,水,丶丨乙
澡,水,口口口
澥,水,丿乙丿
澧,水,丨乙一
澪,水,一丶乙
澭,水,丶一乙
澳,水,丿丨乙
澴,水,丨乙丨
澶,水,丶一丨
澹,水,丿乙一
澼,水,乙一丿
澽,水,丨一乙
激,水,丿丨乙
濂,水,丶一丿
濉,水,丨乙一
濋,水,木木乙
濑,水,一丨乙
濒,水,丨一丨
濞,水,丿丨乙
濠,水,丶一口
濡,水,一丶乙
濩,水,艹人
濮,水,人丨丨
濯,水,乙丶一
瀌,水,丶一丿
瀍,水,丶一丿
瀑,水,日一
瀔,水,土丶
瀚,水,十日
瀛,水,丶一乙
瀣,水,丨一丿
瀱,水,丨乙丨
瀵,水,丶丿木
瀹,水,人一口
瀼,水,丶一口
灈,水,丨乙一
灌,水,艹口
灏,水,日丶
灞,水,一丶乙
火,丶丿人
灭,一,丶丿人
灯,丶丿,一丨
灰,一丿,丶丿
灵,乙一,丶丿
灶,丶丿,土
灸,丿乙,丶丿
灼,丶丿,丿乙
灾,丶丶,丶丿
灿,丶丿,丨乙
炀,丶丿,乙丿
炅,日,丶丿
炆,丶丿,丶一
炉,丶丿,丶乙
炊,丶丿,丿乙
炌,丶丿,人丿
炎,丶丿,丶丿
炒,丶丿,丨丿
炔,丶丿,乙一
炕,丶丿,丶一
炖,丶丿,一乙
炘,丶丿,丿丿
炙,丿乙,丶丿
炜,丶丿,一一
炝,丶丿,人乙
炟,丶丿,日
炣,丶丿,一口
炫,丶丿,丶一
炬,丶丿,一乙
炭,丨乙,一丿
炮,丶丿,丿乙
炯,丶丿,丨乙
炱,乙丶,丶丿
炳,丶丿,一丨
炷,丶丿,丶一
炸,丶丿,丿一
点,丨一,丶丶
炻,丶丿,一丿
炼,丶丿,一乙
炽,丶丿,口丿
烀,丶丿,丿丶
烁,丶丿,丿乙
烂,丶丿,丶丿
烃,丶丿,乙丶
烈,一丿,丶丶
烊,丶丿,丶丿
烔,丶丿,丨乙
烘,丶丿,一丨
烙,丶丿,丿乙
烛,丶丿,丨乙
烜,丶丿,一日
烝,乙丨,丶丶
烟,丶丿,丨乙
烠,丶丿,一丿
烤,丶丿,十
烦,丶丿,一丿
烧,丶丿,一乙
烨,丶丿,人丿
烩,丶丿,人一
烫,水乙,丶丿
烬,丶丿,乙一
热,手,丶丶
烯,丶丿,丿丶
烶,丶丿,丿一
烷,丶丿,丶丶
烹,丶一,丶丶
烺,丶丿,丶乙
烻,丶丿,丿丨
烽,丶丿,丿乙
焆,丶丿,口月
焉,一丨,一乙
焊,丶丿,日
焌,丶丿,乙丶
焐,丶丿,一丨
焓,丶丿,人丶
焕,丶丿,丿乙
焖,丶丿,丶丨
焗,丶丿,乙一
焘,一一,丶丶
焙,丶丿,丶一
焚,木木,丶丿
焜,丶丿,日
焞,丶丿,丶一
焦,人丶,丶丶
焯,丶丿,丨一
焰,丶丿,丿乙
焱,丶丿,丶丿
然,丿乙,丶丶
煁,丶丿,一丨
煃,丶丿,一丿
煅,丶丿,丿丨
煊,丶丿,丶丶
煋,丶丿,日
煌,丶丿,丿丨
煎,丶丿,丶丶
煓,丶丿,丨乙
煜,丶丿,日
煞,丿乙,丶丶
煟,丶丿,丨乙
煤,丶丿,一丨
煦,日,丶丶
照,日,丶丶
煨,丶丿,丨乙
煮,十,丶丶
煲,人口,丶丿
煳,丶丿,十
煴,丶丿,日
煸,丶丿,丶乙
煺,丶丿,乙一
煽,丶丿,丶乙
熄,丶丿,丿丨
熇,丶丿,丶一
熊,乙丶,丶丶
熏,丿一,丶丶
熔,丶丿,丶丶
熘,丶丿,丿乙
熙,一丨,丶丶
熛,丶丿,一丨
熜,丶丿,丿丨
熟,丶一,丶丶
熠,丶丿,乙丶
熥,丶丿,乙丶
熨,乙一,丶丿
熬,一一,丶丶
熵,丶丿,丶一
熹,土,丶丶
熻,丶丿,人一
燃,丶丿,丿乙
燊,丶丿,木
燋,丶丿,人丶
燎,丶丿,一丿
燏,丶丿,乙丶
燔,丶丿,丿丶
燕,一丨,丶丶
燚,丶丿,丶丿
燠,丶丿,丿丨
燥,丶丿,口口
燧,丶丿,丶丿
燮,丶一,乙丶
燹,一丿,丶丿
爆,丶丿,日
爇,艹,土
爔,丶丿,丶丿
爚,丶丿,人一
爝,丶丿,丿丶
爟,丶丿,艹
爨,丿丨,木木
爪,丿丿丨丶
爬,丿丿,乙丨
爰,丿丶,一一
爱,丿丶,一丿
爵,丿丶,乙一
父,丿丶,丿丶
爷,丿丶,乙丨
爸,丿丶,乙丨
爹,丿丶,丿乙
爻,丿丶,丿丶
爽,一丿丶丿
爿,乙丨一丿
牁,乙丨,一口
牂,乙丨,丶丿
片,丿丨一乙
版,丿丨,丿丿
牌,丿丨,丿丨
牍,丿丨,十
牒,丿丨,一丨
牖,丿丨,丶乙
牙,一乙丨丿
牚,丨丶,一乙
牛,丿一一丨
牝,丿一,丿乙
牟,乙丶,丿一
牡,丿一,土
牢,丶丶,丿一
牤,丿一,丶一
牥,丿一,丶一
牦,丿一,丿一
牧,丿一,丿一
物,丿一,丿乙
牮,人一,丿一
牯,丿一,十
牲,丿一,丿一
牵,一丿,丿一
特,丿一,土
牺,丿一,一丨
牻,丿一,一丿
牾,丿一,一丨
牿,丿一,丿一
犀,乙一,水丿
犁,丿一,丿一
犄,丿一,一丿
犇,丿一,丿一
犊,丿一,十
犋,丿一,丨乙
犍,丿一,乙一
犏,丿一,丶乙
犒,丿一,丶一
犟,乙一,丿一
犨,人丶,丿一
犬,一丿丶丶
犯,丿乙,乙乙
犰,丿乙,丿乙
犴,丿乙,一一
状,丶一,一丿
犷,丿乙,丶一
犸,丿乙,乙乙
犹,丿乙,一丿
狁,丿乙,乙丶
狂,丿乙,一一
狃,丿乙,乙丨
狄,丿乙,丶丿
狈,丿乙,贝
狉,丿乙,一丿
狍,丿乙,丿乙
狎,丿乙,丨乙
狐,丿乙,丿丿
狒,丿乙,乙一
狗,丿乙,丿乙
狙,丿乙,丨乙
狝,丿乙,丿乙
狞,丿乙,丶丶
狠,丿乙,乙一
狡,丿乙,丶一
狨,丿乙,一一
狩,丿乙,丶丶
独,丿乙,丨乙
狭,丿乙,一丶
狮,丿乙,丨丿
狯,丿乙,人一
狰,丿乙,丿乙
狱,丿乙,丶乙
狲,丿乙,乙丨
狳,丿乙,人一
狴,丿乙,一乙
狷,丿乙,口月
狸,丿乙,丨乙
狺,丿乙,丶一
狻,丿乙,乙丶
狼,丿乙,丶乙
猁,丿乙,丿一
猃,丿乙,人一
猄,丿乙,丶一
猇,丿乙,丨一
猊,丿乙,丿丨
猎,丿乙,一丨
猕,丿乙,乙一
猖,丿乙,日
猗,丿乙,一丿
猛,丿乙,乙丨
猜,丿乙,一一
猝,丿乙,丶一
猞,丿乙,人一
猡,丿乙,丨乙
猢,丿乙,十
猥,丿乙,丨乙
猩,丿乙,日
猪,丿乙,十
猫,丿乙,艹
猬,丿乙,丨乙
献,十,一丿
猯,丿乙,丨乙
猰,丿乙,一一
猱,丿乙,乙丶
猴,丿乙,人乙
猷,丶丿,一丿
猹,丿乙,木日
猺,丿乙,丿丶
猾,丿乙,丨乙
猿,丿乙,土
獍,丿乙,丶一
獐,丿乙,丶一
獒,一一,一丿
獗,丿乙,一丿
獠,丿乙,一丿
獬,丿乙,丿乙
獭,丿乙,一丨
獯,丿乙,丿一
獴,丿乙,艹
獾,丿乙,艹
玃,丿乙,丨乙
玄,丶一,乙乙
率,丶一,乙乙
玉,一一丨一
王,一一丨一
玎,一一,一丨
玑,一一,丿乙
玒,一一,一丨
玓,一一,丿乙
玕,一一,一一
玖,一一,丿乙
玘,一一,乙一
玙,一一,一乙
玚,一一,乙丿
玛,一一,乙乙
玞,一一,一一
玟,一一,丶一
玠,一一,人丿
玡,一一,一乙
玢,一一,丿丶
玤,一一,一一
玥,一一,月
玦,一一,乙一
玩,一一,一一
玫,一一,丿一
玭,一一,一乙
玮,一一,一一
环,一一,一丿
现,一一,丨乙
玱,一一,人乙
玲,一一,人丶
玳,一一,人一
玶,一一,一丶
玷,一一,丨一
玹,一一,丶一
玺,丿乙,一一
玻,一一,乙丿
玼,一一,丨一
玿,一一,乙丿
珀,一一,丿丨
珂,一一,一口
珅,一一,丨乙
珇,一一,丨乙
珈,一一,乙丿
珉,一一,乙一
珊,一一,丿乙
珋,一一,丿乙
珌,一一,丶乙
珍,一一,人丿
珏,一一,一一
珐,一一,土
珑,一一,一丿
珒,一一,乙一
珕,一一,乙丿
珖,一一,丨丶
珙,一一,一丨
珛,一一,一丿
珝,一一,乙丶
珞,一一,丿乙
珠,一一,丿一
珢,一一,乙一
珣,一一,丿乙
珥,一一,一丨
珦,一一,丿丨
珧,一一,丿丶
珩,一一,丿丿
珪,一一,土
珫,一一,丶一
班,一一,丶丿
珰,一一,丨丶
珲,一一,丶乙
珵,一一,口一
珷,一一,一一
珸,一一,一丨
珹,一一,一丿
珺,一一,乙一
珽,一一,丿一
琀,一一,人丶
球,一一,一丨
琄,一一,口月
琅,一一,丶乙
理,一一,丨乙
琇,一一,丿一
琈,一一,丿丶
琉,一一,丶一
琊,一一,一乙
琎,一一,一一
琏,一一,一乙
琐,一一,丨丶
琔,一一,丶丶
琚,一一,乙一
琛,一一,丶乙
琟,一一,人丶
琡,一一,丨一
琢,一一,一丿
琤,一一,丿乙
琥,一一,丨一
琦,一一,一丿
琨,一一,日
琪,一一,一丨
琫,一一,一一
琬,一一,丶丶
琭,一一,乙一
琮,一一,丶丶
琯,一一,丶丶
琰,一一,丶丿
琲,一一,丨一
琳,一一,木木
琴,一一,人丶
琵,一一,一乙
琶,一一,乙丨
琼,一一,丶一
瑀,一一,丿丨
瑁,一一,丨乙
瑂,一一,乙丨
瑃,一一,一一
瑄,一一,丶丶
瑅,一一,日
瑆,一一,日
瑑,一一,乙乙
瑓,一一,一丨
瑔,一一,丿丨
瑕,一一,乙一
瑖,一一,丿丨
瑗,一一,丿丶
瑙,一一,乙乙
瑚,一一,十
瑛,一一,艹
瑜,一一,人一
瑝,一一,丿丨
瑞,一一,丨乙
瑟,一一,丶乙
瑢,一一,丶丶
瑧,一一,一一
瑨,一一,一丨
瑬,水丶,一一
瑭,一一,丶一
瑰,一一,丿丨
瑱,一一,十
瑳,一一,丶丿
瑶,一一,丿丶
瑷,一一,丿丶
瑾,一一,一丨
璀,一一,丨乙
璁,一一,丿丨
璃,一一,丶一
璆,一一,乙丶
璇,一一,丶一
璈,一一,一一
璋,一一,丶一
璎,一一,贝
璐,一一,口丨
璒,一一,乙丶
璘,一一,丶丿
璜,一一,一丨
璞,一一,丨丨
璟,一一,日
璠,一一,丿丶
璥,一一,艹
璧,乙一,一一
璨,一一,丨一
璩,一一,丨一
璪,一一,口口
璬,一一,丿丨
璮,一一,丶一
璱,一一,一一
璲,一一,丶丿
璺,丿丨,一一
瓀,一一,一丶
瓒,一一,丿一
瓖,一一,丶一
瓘,一一,艹
瓜,丿丿乙丶
瓞,丿丿,丿一
瓠,一丿,丿丿
瓢,一丨,丿丿
瓣,丶一,丿丿
瓤,丶一,丿丿
瓦,一乙乙丶
瓮,丿丶,一乙
瓯,一丿,一乙
瓴,人丶,一乙
瓶,丶丿,一乙
瓷,丶一,一乙
瓻,丿丶,一乙
瓿,丶一,一乙
甄,一丨,一乙
甍,艹,一乙
甏,土,一乙
甑,丶丿,一乙
甓,乙一,一乙
甗,丨一,一乙
甘,一丨丨一
甚,一丨,丿丶
甜,丿一,一丨
生,丿一一丨
甡,丿一,丿一
甥,丿一,丨乙
甦,一丨,丿一
用,丿乙一一
甩,丿乙一一
甪,丿丿乙一
甫,一丨乙一
甬,乙丶,丨乙
甭,一丿,丿乙
甯,丶丶,丨乙
田,丨乙一丨
由,丨乙一丨
甲,丨乙一一
申,丨乙一一
电,丨乙一一
男,丨乙,乙丿
甸,丿乙,丨乙
町,丨乙,一丨
画,一,丨乙一
甾,乙乙,丨乙
畀,丨乙,一丿
畅,丨乙,乙丿
畈,丨乙,丿丿
畋,丨乙,丿一
界,丨乙,人丿
畎,丨乙,一丿
畏,丨乙,一乙
畔,丨乙,丶丿
畖,丨乙,丿丿
留,丿乙,丨乙
畚,乙丶,丨乙
畛,丨乙,人丿
畜,丶一,丨乙
畤,丨乙,土
略,丨乙,丿乙
畦,丨乙,土
番,丿丶,丨乙
畬,人一,丨乙
畯,丨乙,乙丶
畲,人一,丨乙
畴,丨乙,一一
畸,丨乙,一丿
畹,丨乙,丶丶
畿,乙乙,丨乙
疁,丨乙,乙丶
疃,丨乙,丶一
疆,乙一,一丨
疍,乙丨,日
疏,乙丨,丶一
疐,十,乙丨
疑,丿乙,乙丶
疔,丶一,一丨
疖,丶一,乙丨
疗,丶一,乙丨
疙,丶一,丿一
疚,丶一,丿乙
疝,丶一,丨乙
疟,丶一,一乙
疠,丶一,一乙
疡,丶一,乙丿
疢,丶一,丶丿
疣,丶一,一丿
疤,丶一,乙丨
疥,丶一,人丿
疫,丶一,丿乙
疬,丶一,一丿
疭,丶一,人人
疮,丶一,人乙
疯,丶一,丿乙
疰,丶一,丶一
疱,丶一,丿乙
疲,丶一,乙丿
疳,丶一,一丨
疴,丶一,一口
疵,丶一,丨一
疸,丶一,日
疹,丶一,人丿
疼,丶一,丿乙
疽,丶一,丨乙
疾,丶一,丿一
痂,丶一,乙丿
痃,丶一,丶一
痄,丶一,丿一
病,丶一,一丨
症,丶一,一丨
痈,丶一,丿乙
痉,丶一,乙丶
痊,丶一,人一
痍,丶一,一乙
痒,丶一,丶丿
痓,丶一,一乙
痔,丶一,土
痕,丶一,乙一
痘,丶一,一口
痛,丶一,乙丶
痞,丶一,一丿
痢,丶一,丿一
痣,丶一,土
痤,丶一,人人
痦,丶一,一丨
痧,丶一,水丨
痨,丶一,艹
痪,丶一,丿乙
痫,丶一,丶丨
痰,丶一,丶丿
痱,丶一,丨一
痴,丶一,丿一
痹,丶一,丨乙
痼,丶一,丨乙
痿,丶一,丿一
瘀,丶一,丶一
瘁,丶一,丶一
瘃,丶一,一丿
瘅,丶一,丶丿
瘆,丶一,乙丶
瘊,丶一,人乙
瘌,丶一,一丨
瘐,丶一,丿丨
瘕,丶一,乙一
瘗,丶一,一丶
瘘,丶一,丶丿
瘙,丶一,乙丶
瘛,丶一,一一
瘟,丶一,日
瘠,丶一,丶一
瘢,丶一,丿丿
瘤,丶一,丿乙
瘥,丶一,丶丿
瘦,丶一,丿丨
瘩,丶一,艹
瘪,丶一,丿丨
瘫,丶一,乙丶
瘭,丶一,一丨
瘰,丶一,丨乙
瘳,丶一,乙丶
瘴,丶一,丶一
瘵,丶一,丿乙
瘸,丶一,乙丿
瘼,丶一,艹
瘾,丶一,乙丨
瘿,丶一,贝
癀,丶一,一丨
癃,丶一,乙丨
癌,丶一,口口
癍,丶一,一一
癔,丶一,丶一
癖,丶一,乙一
癗,丶一,一丶
癜,丶一,乙一
癞,丶一,一丨
癣,丶一,丿乙
癫,丶一,十
癯,丶一,丨乙
癸,乙丶,一一
登,乙丶,一口
白,丿丨乙一
百,一丿日
癿,丿丨,乙
皂,丿丨,一乙
的,丿丨,丿乙
皆,一乙,丿丨
皇,丿丨,一一
皈,丿丨,丿丿
皋,丿丨,一丿
皎,丿丨,丶一
皑,丿丨,丨乙
皓,丿丨,丿一
皕,一丿,一丿
皖,丿丨,丶丶
皙,木丿,丿丨
皛,丿丨,丿丨
皞,丿丨,丿丨
皤,丿丨,丿丶
皦,丿丨,丿丨
皭,丿丨,丿丶
皮,乙丿,乙丶
皱,丿乙,乙丿
皲,丶乙,乙丿
皴,乙丶,乙丿
皿,丨乙丨丨
盂,一一,丨乙
盅,丨乙,丨乙
盆,丿丶,丨乙
盈,乙丿,丨乙
盉,丿一,丨乙
益,丶丿,丨乙
盍,土,丨乙
盎,丨乙,丨乙
盏,一一,丨乙
盐,土,丨乙
监,丨丨,丨乙
盒,人一,丨乙
盔,一丿,丨乙
盖,丶丿,丨乙
盗,丶一,丨乙
盘,丿丿,丨乙
盛,一丿,丨乙
盟,日,丨乙
盥,丿丨,丨乙
盦,人丶,丨乙
目,丨乙一一
盯,丨乙,一丨
盱,丨乙,一一
盲,丶一,丨乙
直,十,丨乙
盷,丨乙,丿乙
相,木,丨乙一
盹,丨乙,一乙
盼,丨乙,丿丶
盾,丿丿,十
省,丨丿,丨乙
眄,丨乙,一丨
眇,丨乙,丨丿
眈,丨乙,丶乙
眉,乙丨,丨乙
眊,丨乙,丿一
看,手,丨乙
眍,丨乙,一丿
眙,丨乙,乙丶
眚,丿一,丨乙
真,十,丿丶
眠,丨乙,乙一
眢,丿乙,丨乙
眦,丨乙,丨一
眨,丨乙,丿丶
眩,丨乙,丶一
眬,丨乙,一丿
眭,丨乙,土
眯,丨乙,丶丿
眵,丨乙,丿乙
眶,丨乙,一一
眷,丶丿,丨乙
眸,丨乙,乙丶
眺,丨乙,丿丶
眼,丨乙,乙一
着,丶丿,丨乙
睁,丨乙,丿乙
睃,丨乙,乙丶
睄,丨乙,丨丶
睇,丨乙,丶丿
睎,丨乙,丿丶
睐,丨乙,一丶
睑,丨乙,人一
睚,丨乙,一丿
睛,丨乙,一一
睡,丨乙,丿一
睢,丨乙,人丶
督,丨一,丨乙
睥,丨乙,丿丨
睦,丨乙,土
睨,丨乙,丿丨
睫,丨乙,一乙
睬,丨乙,丿丶
睹,丨乙,十
睽,丨乙,乙丶
睾,丿丨,土
睿,丨一,丨乙
瞀,乙丶,丨乙
瞄,丨乙,艹
瞅,丨乙,丿一
瞋,丨乙,十
瞌,丨乙,土
瞍,丨乙,丿丨
瞎,丨乙,丶丶
瞑,丨乙,丶乙
瞒,丨乙,艹
瞟,丨乙,一丨
瞠,丨乙,丨丶
瞢,艹,丨乙
瞥,丶丿,丨乙
瞧,丨乙,人丶
瞩,丨乙,乙一
瞪,丨乙,乙丶
瞫,丨乙,一丨
瞬,丨乙,丿丶
瞭,丨乙,一丿
瞰,丨乙,乙一
瞳,丨乙,丶一
瞵,丨乙,丶丿
瞻,丨乙,丿乙
瞽,土,丨乙
瞿,丨乙,人丶
矍,丨乙,人丶
矗,十,十
矛,乙丶乙丨
矜,乙丶,人丶
矞,乙丶,丨乙
矢,丿一一丿
矣,乙丶,丿一
知,丿一,口
矧,丿一,乙一
矩,丿一,一乙
矫,丿一,丿一
矬,丿一,人人
短,丿一,一口
矮,丿一,丿一
矰,丿一,丶丿
石,一丿口
矶,一丿,丿乙
矸,一丿,一一
矻,一丿,丿一
矼,一丿,一丨
矾,一丿,丿乙
矿,一丿,丶一
砀,一丿,乙丿
码,一丿,乙乙
砂,一丿,丨丿
砄,一丿,乙一
砆,一丿,一一
砉,一一,一丿
砌,一丿,一乙
砍,一丿,丿乙
砑,一丿,一乙
砒,一丿,一乙
研,一丿,一一
砖,一丿,一一
砗,一丿,一乙
砘,一丿,一乙
砚,一丿,丨乙
砜,一丿,丿乙
砝,一丿,土
砟,一丿,丿一
砠,一丿,丨乙
砣,一丿,丶丶
砥,一丿,丿乙
砧,一丿,丨一
砫,一丿,丶一
砬,一丿,丶一
砭,一丿,丿丶
砮,乙丿,一丿
砰,一丿,一丶
破,一丿,乙丿
砵,一丿,一丨
砷,一丿,丨乙
砸,一丿,一丨
砹,一丿,艹
砺,一丿,一丿
砻,一丿,一丿
砼,一丿,人一
砾,一丿,丿乙
础,一丿,乙丨
硁,一丿,乙丶
硅,一丿,土
硇,一丿,丿丨
硊,一丿,丿乙
硌,一丿,丿乙
硍,一丿,乙一
硎,一丿,一一
硐,一丿,丨乙
硒,一丿,一丨
硔,一丿,一丨
硕,一丿,一丿
硖,一丿,一丶
硗,一丿,一乙
硙,一丿,丨乙
硚,一丿,丿一
硝,一丿,丨丶
硪,一丿,丿一
硫,一丿,丶一
硬,一丿,一丨
硭,一丿,艹
确,一丿,丿乙
硼,一丿,月月
硿,一丿,丶丶
碃,一丿,一一
碇,一丿,丶丶
碈,一丿,丿乙
碉,一丿,丿乙
碌,一丿,乙一
碍,一丿,日
碎,一丿,丶一
碏,一丿,一丨
碑,一丿,丿丨
碓,一丿,人丶
碗,一丿,丶丶
碘,一丿,丨乙
碚,一丿,丶一
碛,一丿,一一
碜,一丿,乙丶
碟,一丿,一丨
碡,一丿,一一
碣,一丿,日
碥,一丿,丶乙
碧,一一,一丿
碨,一丿,丨乙
碰,一丿,丶丿
碱,一丿,一丿
碲,一丿,丶一
碳,一丿,丨乙
碴,一丿,木日
碶,一丿,一一
碹,一丿,丶丶
碾,一丿,乙一
磁,一丿,丶丿
磅,一丿,丶一
磉,一丿,乙丶
磊,一丿,一丿
磋,一丿,丶丿
磏,一丿,丶丿
磐,丿丿,一丿
磔,一丿,丿乙
磕,一丿,土
磙,一丿,丶一
磜,一丿,丿乙
磡,一丿,一丨
磨,丶一,一丿
磬,土,一丿
磲,一丿,水一
磴,一丿,乙丶
磷,一丿,丶丿
磹,一丿,一丨
磻,一丿,丿丶
礁,一丿,人丶
礅,一丿,丶一
礌,一丿,一丶
礓,一丿,一丨
礞,一丿,艹
礴,一丿,艹
礵,一丿,一丶
示,一一,丨丿
礼,丶乙,乙
社,丶乙,土
祀,丶乙,乙一
祁,丶乙,乙丨
祃,丶乙,乙乙
祆,丶乙,一一
祇,丶乙,丿乙
祈,丶乙,丿丿
祉,丶乙,丨一
祊,丶乙,丶一
祋,丶乙,丿乙
祎,丶乙,一一
祏,丶乙,一丿
祐,丶乙,一丿
祓,丶乙,一丿
祕,丶乙,丶乙
祖,丶乙,丨乙
祗,丶乙,丿乙
祚,丶乙,丿一
祛,丶乙,土
祜,丶乙,十
祝,丶乙,口丿
神,丶乙,丨乙
祟,乙丨,一一
祠,丶乙,乙一
祢,丶乙,丿乙
祥,丶乙,丶丿
祧,丶乙,丿丶
票,一丨,一一
祭,丿乙,一一
祯,丶乙,丨一
祲,丶乙,乙一
祷,丶乙,一一
祸,丶乙,口丨
祺,丶乙,一丨
祼,丶乙,丨乙
祾,丶乙,土
禀,丶一,一一
禁,木木,一一
禄,丶乙,乙一
禅,丶乙,丶丿
禊,丶乙,一一
禋,丶乙,一丨
福,丶乙,一口
禒,丶乙,乙乙
禔,丶乙,日
禘,丶乙,丶一
禚,丶乙,丶丿
禛,丶乙,十
禤,丶乙,丨乙
禧,丶乙,土
禳,丶乙,丶一
禹,丿丨乙一
禺,丨乙一一
离,丶一,丨乙
禽,人,丶一丿
禾,丿一丨丿
秀,丿一,乙丿
私,丿一,乙丶
秃,丿一,丿乙
秆,丿一,一一
秉,丿一乙一
秋,丿一,丶丿
种,丿一,丨乙
科,丿一,丶丶
秒,丿一,丨丿
秕,丿一,一乙
秘,丿一,丶乙
租,丿一,丨乙
秣,丿一,一一
秤,丿一,一丶
秦,一一,丿一
秧,丿一,丨乙
秩,丿一,丿一
秫,丿一,木丶
秬,丿一,一乙
秭,丿一,丿乙
积,丿一,口丿
称,丿一,丿乙
秸,丿一,土
移,丿一,丿乙
秽,丿一,丨乙
秾,丿一,丶乙
稀,丿一,丿丶
稂,丿一,丶乙
稃,丿一,丿丶
稆,丿一,口口
程,丿一,口一
稌,丿一,人一
稍,丿一,丨丶
税,丿一,丶丿
稑,丿一,土
稔,丿一,人丶
稗,丿一,丿丨
稙,丿一,十
稚,丿一,人丶
稞,丿一,丨乙
稠,丿一,丿乙
稣,丿乙,丿一
稳,丿一,丿乙
稷,丿一,丨乙
稹,丿一,十
稻,丿一,丿丶
稼,丿一,丶丶
稽,丿一,一丿
稿,丿一,丶一
穄,丿一,丿乙
穆,丿一,丿丨
穑,丿一,十
穗,丿一,一丨
穙,丿一,丨丨
穜,丿一,丶一
穟,丿一,丶丿
穰,丿一,丶一
穴,丶丶,丿丶
究,丶丶,丿乙
穷,丶丶,乙丿
穸,丶丶,丿乙
穹,丶丶,乙一
空,丶丶,一丨
穿,丶丶,一乙
窀,丶丶,一乙
突,丶丶,一丿
窃,丶丶,一乙
窄,丶丶,丿一
窅,丶丶,丨乙
窈,丶丶,乙乙
窊,丶丶,丿丿
窍,丶丶,一丨
窎,丶丶,丿乙
窑,丶丶,丿一
窒,丶丶,一乙
窕,丶丶,丿丶
窖,丶丶,丿一
窗,丶丶,丿丨
窘,丶丶,乙一
窜,丶丶,丨乙
窝,丶丶,口丨
窟,丶丶,乙一
窠,丶丶,丨乙
窣,丶丶,丶一
窥,丶丶,一一
窦,丶丶,十
窨,丶丶,丶一
窬,丶丶,人一
窭,丶丶,丶丿
窳,丶丶,丿丿
窸,丶丶,丿丶
窿,丶丶,乙丨
立,丶一丶丿
竑,丶一,一丿
竖,丨丨,丶一
竘,丶一,丿乙
站,丶一,丨一
竞,丶一,口丿
竟,丶一,丿乙
章,丶一,十
竣,丶一,乙丶
童,丶一,丨乙
竦,丶一,一丨
竫,丶一,丿乙
竭,丶一,日
端,丶一,丨乙
竹,丿一,丿一
竺,丿一,一一
竽,丿一,一一
竿,丿一,一一
笃,丿一,乙乙
笄,丿一,一一
笆,丿一,乙丨
笈,丿一,丿乙
笊,丿一,丿丿
笋,丿一,乙一
笏,丿一,丿乙
笑,丿一,丿一
笔,丿一,丿一
笕,丿一,丨乙
笙,丿一,丿一
笛,丿一,丨乙
笞,丿一,乙丶
笠,丿一,丶一
笤,丿一,乙丿
笥,丿一,乙一
符,丿一,人一
笨,丿一,一丨
笪,丿一,日
笫,丿一,丿乙
第,丿一,乙一
笮,丿一,丿一
笯,丿一,乙丿
笱,丿一,丿乙
笳,丿一,乙丿
笸,丿一,一口
笺,丿一,一一
笼,丿一,一丿
笾,丿一,乙丿
筀,丿一,土
筅,丿一,丿一
筇,丿一,一丨
等,丿一,土
筋,丿一,月乙
筌,丿一,人一
筏,丿一,人一
筐,丿一,一一
筑,丿一,一丨
筒,丿一,丨乙
答,丿一,人一
策,丿一,一丨
筘,丿一,手
筚,丿一,一乙
筛,丿一,丨丿
筜,丿一,丨丶
筝,丿一,丿乙
筠,丿一,土
筢,丿一,手
筤,丿一,丶乙
筥,丿一,口口
筦,丿一,丶丶
筮,丿一,一丨
筱,丿一,人丨
筲,丿一,丨丶
筵,丿一,丿丨
筶,丿一,丿一
筷,丿一,丶丶
筹,丿一,一一
筻,丿一,一丨
筼,丿一,口贝
签,丿一,人一
简,丿一,丶丨
箅,丿一,丨乙
箍,丿一,手
箐,丿一,一一
箓,丿一,乙一
箔,丿一,水丿
箕,丿一,一丨
箖,丿一,木木
算,丿一,丨乙
箜,丿一,丶丶
管,丿一,丶丶
箢,丿一,丶丶
箦,丿一,一一
箧,丿一,一一
箨,丿一,手
箩,丿一,丨乙
箪,丿一,丶丿
箫,丿一,乙一
箬,丿一,艹
箭,丿一,丶丿
箱,丿一,木丨
箴,丿一,一丿
箸,丿一,十
篁,丿一,丿丨
篆,丿一,乙乙
篇,丿一,丶乙
篌,丿一,人乙
篑,丿一,丨乙
篓,丿一,丶丿
篙,丿一,丶一
篚,丿一,一丨
篝,丿一,一一
篡,丿一,乙丶
篥,丿一,一丨
篦,丿一,丿丨
篪,丿一,丿丿
篮,丿一,丨丨
篯,丿一,金
篱,丿一,丶一
篷,丿一,丿乙
篼,丿一,丿丨
篾,丿一,丨乙
簃,丿一,丿一
簇,丿一,丶一
簉,丿一,丿一
簋,丿一,乙一
簌,丿一,一丨
簏,丿一,丶一
簕,丿一,一丨
簖,丿一,丶丿
簝,丿一,一丿
簟,丿一,一丨
簠,丿一,一丨
簧,丿一,一丨
簪,丿一,一乙
簰,丿一,丿丨
簸,丿一,一丨
簿,丿一,水一
籀,丿一,手
籁,丿一,一丨
籍,丿一,一一
籥,丿一,人一
米,丶丿木
籴,丿丶,丶丿
类,丶丿,一丿
籼,丶丿,丨乙
籽,丶丿,乙丨
粉,丶丿,丿丶
粑,丶丿,乙丨
粒,丶丿,丶一
粕,丶丿,丿丨
粗,丶丿,丨乙
粘,丶丿,丨一
粜,乙丨,丶丿
粝,丶丿,一丿
粞,丶丿,一丨
粟,一丨,丶丿
粢,丶一,丶丿
粤,丿丨,一乙
粥,乙一,丶丿
粪,丶丿,一丨
粮,丶丿,丶乙
粱,水乙,丶丿
粲,丨一,丶丿
粳,丶丿,一丨
粹,丶丿,丶一
粼,丶丿,乙乙
粽,丶丿,丶丶
精,丶丿,一一
粿,丶丿,丨乙
糁,丶丿,乙丶
糅,丶丿,乙丶
糇,丶丿,人乙
糈,丶丿,乙丨
糊,丶丿,十
糌,丶丿,丿乙
糍,丶丿,丶丿
糒,丶丿,一丨
糕,丶丿,丶丿
糖,丶丿,丶一
糗,丶丿,丿丨
糙,丶丿,丿一
糜,丶一,丶丿
糟,丶丿,一丨
糠,丶丿,丶一
糨,丶丿,乙一
糯,丶丿,一丶
糵,艹,丶丿
系,丿乙,丨丿
紊,丶一,乙乙
素,一一,乙乙
索,十,乙乙
紧,丨丨,乙乙
紫,丨一,乙乙
累,丨乙,乙乙
絜,一一,乙乙
絮,乙丿,乙乙
絷,手,乙乙
綦,一丨,乙乙
綮,丶乙,乙乙
縠,土,乙乙
縢,月丶,乙乙
縻,丶一,乙乙
繁,丿一,乙乙
繄,一丿,乙乙
繇,丿丶,丿乙
纂,丿一,乙乙
纛,一一,丨乙
纠,乙乙,乙丨
纡,乙乙,一一
红,乙乙,一丨
纣,乙乙,一丨
纤,乙乙,丿一
纥,乙乙,丿一
约,乙乙,丿乙
级,乙乙,丿乙
纨,乙乙,丿乙
纩,乙乙,丶一
纪,乙乙,乙一
纫,乙乙,乙丿
纬,乙乙,一一
纭,乙乙,一一
纮,乙乙,一丿
纯,乙乙,一乙
纰,乙乙,一乙
纱,乙乙,丨丿
纲,乙乙,丨乙
纳,乙乙,丨乙
纴,乙乙,丿一
纵,乙乙,人人
纶,乙乙,人丿
纷,乙乙,丿丶
纸,乙乙,丿乙
纹,乙乙,丶一
纺,乙乙,丶一
纻,乙乙,丶丶
纼,乙乙,乙一
纽,乙乙,乙丨
纾,乙乙,乙丶
线,乙乙,一一
绀,乙乙,一丨
绁,乙乙,一丨
绂,乙乙,一丿
练,乙乙,一乙
组,乙乙,丨乙
绅,乙乙,丨乙
细,乙乙,丨乙
织,乙乙,口丿
终,乙乙,丿乙
绉,乙乙,丿乙
绊,乙乙,丶丿
绋,乙乙,乙一
绌,乙乙,乙丨
绍,乙乙,乙丿
绎,乙乙,乙丶
经,乙乙,乙丶
绐,乙乙,乙丶
绑,乙乙,一一
绒,乙乙,一一
结,乙乙,土
绔,乙乙,一丿
绕,乙乙,一乙
绖,乙乙,一乙
绗,乙乙,丿丿
绘,乙乙,人一
给,乙乙,人一
绚,乙乙,丿乙
绛,乙乙,丿乙
络,乙乙,丿乙
绝,乙乙,丿乙
绞,乙乙,丶一
统,乙乙,丶一
绠,乙乙,一丨
绡,乙乙,丨丶
绢,乙乙,口月
绣,乙乙,丿一
绤,乙乙,丿丶
绥,乙乙,丿丶
绦,乙乙,丿乙
继,乙乙,丶丿
绨,乙乙,丶丿
绩,乙乙,一一
绪,乙乙,十
绫,乙乙,土
续,乙乙,十
绮,乙乙,一丿
绯,乙乙,丨一
绰,乙乙,丨一
绱,乙乙,丨丶
绲,乙乙,日
绳,乙乙,口丨
维,乙乙,人丶
绵,乙乙,丿丨
绶,乙乙,丿丶
绷,乙乙,月月
绸,乙乙,丿乙
绹,乙乙,丿乙
绺,乙乙,丿乙
绻,乙乙,丶丿
综,乙乙,丶丶
绽,乙乙,丶丶
绾,乙乙,丶丶
绿,乙乙,乙一
缀,乙乙,乙丶
缁,乙乙,乙乙
缂,乙乙,一丨
缃,乙乙,木丨
缄,乙乙,一丿
缅,乙乙,一丿
缆,乙乙,丨丨
缇,乙乙,日
缈,乙乙,丨乙
缉,乙乙,口一
缊,乙乙,日
缌,乙乙,丨乙
缎,乙乙,丿丨
缐,乙乙,丿丨
缑,乙乙,人乙
缒,乙乙,丿丨
缓,乙乙,丿丶
缔,乙乙,丶一
缕,乙乙,丶丿
编,乙乙,丶乙
缗,乙乙,乙一
缘,乙乙,乙乙
缙,乙乙,一丨
缚,乙乙,一丨
缛,乙乙,一丿
缜,乙乙,十
缝,乙乙,丿乙
缞,乙乙,丶一
缟,乙乙,丶一
缠,乙乙,丶一
缡,乙乙,丶一
缢,乙乙,丶丿
缣,乙乙,丶丿
缤,乙乙,丶丶
缥,乙乙,一丨
缦,乙乙,日
缧,乙乙,丨乙
缨,乙乙,贝
缩,乙乙,丶丶
缪,乙乙,乙丶
缫,乙乙,乙乙
缬,乙乙,土
缭,乙乙,一丿
缮,乙乙,丶丿
缯,乙乙,丶丿
缰,乙乙,一丨
缱,乙乙,丨乙
缲,乙乙,口口
缳,乙乙,丨乙
缴,乙乙,丿丨
缵,乙乙,丿一
缶,丿一十
缸,丿一,一丨
缺,丿一,乙一
罂,贝,丿一
罄,土,丿一
罅,丿一,丨一
罍,丨乙,丿一
罐,丿一,艹
网,丨乙,丿丶
罔,丨乙,丶丿
罕,丶乙,一一
罗,丨乙,丿乙
罘,丨乙,一丿
罚,丨乙,丶乙
罟,丨乙,十
罡,丨乙,一丨
罢,丨乙,土
罨,丨乙,一丿
罩,丨乙,丨一
罪,丨乙,丨一
置,丨乙,十
罱,丨乙,十
署,丨乙,十
罴,丨乙,丶丶
罶,丨乙,丿乙
罹,丨乙,丶丶
罽,丨乙,一丿
罾,丨乙,丶丿
羁,丨乙,一丨
羊,丶丿一一
羌,丶丿一一
美,丶丿,一丿
羑,丶丿,丿乙
羓,丶丿,乙丨
羔,丶丿,丶丶
羕,丶丿,丶乙
羖,丶丿,丿乙
羚,丶丿,人丶
羝,丶丿,丿乙
羞,丶丿,乙丨
羟,丶丿,乙丶
羡,丶丿,丶一
群,乙一,丶丿
羧,丶丿,乙丶
羯,丶丿,日
羰,丶丿,丨乙
羱,丶丿,一丿
羲,丶丿,丿一
羸,丶一,丶丿
羹,丶丿,丶丿
羼,乙一,丶丿
羽,乙丶,乙丶
羿,乙丶,一丿
翀,乙丶,丨乙
翁,丿丶,乙丶
翂,乙丶,丿丶
翃,一丿,乙丶
翅,十,乙丶
翈,丨乙,乙丶
翊,丶一,乙丶
翌,乙丶,丶一
翎,人丶,乙丶
翔,丶丿,乙丶
翕,人一,乙丶
翘,一乙,乙丶
翙,丨乙,乙丶
翚,乙丶,丶乙
翛,人丨,丿乙
翟,乙丶,人丶
翠,乙丶,丶一
翡,丨一,乙丶
翥,十,乙丶
翦,丶丿,乙丶
翩,丶乙,乙丶
翮,一口,乙丶
翯,乙丶,丶一
翰,十,人乙
翱,丿丨,乙丶
翳,一丿,乙丶
翷,丶丿,乙丶
翻,丿丶,乙丶
翼,乙丶,丨乙
翾,丨乙,乙丶
耀,丨丶,乙丶
老,十,丿乙
考,十,一乙
耄,十,丿一
者,十,日
耆,十,日
耇,十,丿乙
耋,十,一乙
而,一丿,丨乙
耍,一丿,乙丿
耏,一丿,丿丿
耐,一丿,一丨
耑,丨乙,一丿
耒,一一一丨
耔,一一,乙丨
耕,一一,一一
耖,一一,丨丿
耗,一一,丿一
耘,一一,一一
耙,一一,乙丨
耜,一一,丨乙
耠,一一,人一
耢,一一,艹
耤,一一,一丨
耥,一一,丨丶
耦,一一,丨乙
耧,一一,丶丿
耨,一一,一丿
耩,一一,一一
耪,一一,丶一
耰,一一,一丿
耱,一一,丶一
耳,一丨丨一
耵,一丨,一丨
耶,一丨,乙丨
耷,一丿,一丨
耸,人人,一丨
耻,一丨,丨一
耽,一丨,丶乙
耿,一丨,丶丿
聂,一丨,乙丶
聃,一丨,丨乙
聆,一丨,人丶
聊,一丨,丿乙
聋,一丿,一丨
职,一丨,口丿
聍,一丨,丶丶
聒,一丨,丿一
联,一丨,丶丿
聘,一丨,丨乙
聚,一丨,丿丨
聩,一丨,丨乙
聪,一丨,丶丿
聱,一一,一丨
聿,乙一一一
肃,乙一一丨
肄,丿乙,乙一
肆,一丨,乙一
肇,丶乙,乙一
肉,丨乙,人
肋,月,乙丿
肌,月,丿乙
肓,丶一,月
肖,丨丶,月
肘,月,一丨丶
肚,月,土
肛,月,一丨一
肝,月,一一丨
肟,月,一一乙
肠,月,乙丿丿
股,月,丿乙乙
肢,月,十乙
肤,月,一一丿
肥,月,乙丨一
肩,丶乙,月
肪,月,丶一乙
肫,月,一乙丨
肭,月,丨乙丿
肮,月,丶一丿
肯,丨一,月
肱,月,一丿乙
育,丶一,月
肴,丿丶,一丿
肷,月,丿乙人
肸,月,丿丶十
肺,月,一丨乙
肼,月,一一丿
肽,月,一丿丶
肾,丨丨,月
肿,月,丨乙一
胀,月,丿一乙
胁,月,乙丿丶
胂,月,丨乙一
胃,丨乙,月
胄,丨乙,月
胆,月,日一
胈,月,一丿乙
背,丨一,月
胍,月,丿丿乙
胎,月,乙丶口
胖,月,丶丿一
胗,月,人丿丿
胙,月,丿一丨
胚,月,一丿丨
胛,月,丨乙一
胜,月,丿一一
胝,月,丿乙一
胞,月,丿乙乙
胠,月,土乙
胡,十,月
胣,月,丿一乙
胤,丿,乙乙丶
胥,乙丨,月
胧,月,一丿乙
胨,月,一乙丨
胩,月,丨一一
胪,月,丨一乙
胫,月,乙丶一
胬,乙丿,丨乙
胭,月,丨乙一
胯,月,一丿丶
胰,月,一乙一
胱,月,丨丶丿
胲,月,丶一乙
胳,月,丿乙丶
胴,月,丨乙一
胶,月,丶一丿
胸,月,丿乙丿
胺,月,丶丶乙
胼,月,丶丿一
能,乙丶,丿乙
脂,月,丿乙日
脆,月,丿乙一
脉,月,丶乙乙
脊,丶一,月
脍,月,人一一
脎,月,丿丶木
脏,月,丶一丿
脐,月,丶一丿
脑,月,丶一丿
脒,月,丶丿木
脓,月,丶乙丿
脔,丶一,丨乙
脖,月,十丶
脘,月,丶丶乙
脚,月,土乙
脞,月,人人土
脟,月,丿丶丶
脩,人丨,丿乙
脬,月,丿丶丶
脯,月,一丨乙
脱,月,丶丿口
脲,月,乙一丿
脶,月,口丨乙
脸,月,人一丶
脾,月,丿丨乙
脿,月,一一丨
腆,月,丨乙一
腈,月,一一丨
腊,月,一丨丨
腋,月,丶一人
腌,月,一丿丶
腐,丶一,丨乙
腑,月,丶一丿
腒,月,乙一丿
腓,月,丨一一
腔,月,丶丶乙
腕,月,丶丶乙
腘,月,丨乙一
腙,月,丶丶乙
腚,月,丶丶乙
腠,月,一一一
腥,月,日丿
腧,月,人一月
腨,月,丨乙丨
腩,月,十丨
腭,月,口口一
腮,月,丨乙一
腯,月,丿丿十
腰,月,一丨乙
腱,月,乙一一
腴,月,丿丨一
腹,月,丿一日
腺,月,丿丨乙
腻,月,一一一
腼,月,一丿丨
腽,月,日丨
腾,月丶,乙乙
腿,月,乙一一
膀,月,丶一丶
膂,丶一,月
膈,月,一口丨
膊,月,一丨乙
膏,丶一,月
膑,月,丶丶乙
膘,月,一丨乙
膙,月,乙一乙
膛,月,丨丶丿
膜,月,艹日
膝,月,木人水
膦,月,丶丿木
膨,月,土口
膳,月,丶丿一
膺,丶一,月
膻,月,丶一丨
臀,乙一,月
臂,乙一,月
臃,月,丶一乙
臆,月,丶一丶
臊,月,口口口
臌,月,土口
臑,月,一丶乙
臜,月,丿一丨
臣,一丨乙一
臧,一丿,一丨
自,丿丨乙一
臬,丿丨,木
臭,丿丨,一丿
至,一乙,土
致,一乙,丿一
臻,一乙,一一
臼,丿丨一乙
臾,丿丨一乙
舀,丿丶,丿丨
舁,丿丨,一丿
舂,一一,丿丨
舄,丿丨,丿乙
舅,丿丨,丨乙
舆,丿丨,丿丶
舌,丿一丨口
舍,人一十
舐,丿一,丿乙
舒,人一,乙丶
舔,丿一,一一
舛,丿乙,一乙
舜,丿丶,丿乙
舞,丿一,丿乙
舟,丿丿乙丶
舠,丿丿,乙丿
舢,丿丿,丨乙
舣,丿丿,丶丿
舥,丿丿,乙丨
航,丿丿,丶一
舫,丿丿,丶一
般,丿丿,丿乙
舭,丿丿,一乙
舯,丿丿,丨乙
舰,丿丿,丨乙
舱,丿丿,人乙
舲,丿丿,人丶
舳,丿丿,丨乙
舴,丿丿,丿一
舵,丿丿,丶丶
舶,丿丿,丿丨
舷,丿丿,丶一
舸,丿丿,一口
船,丿丿,丿乙
舻,丿丿,丨一
舾,丿丿,一丨
艄,丿丿,丨丶
艅,丿丿,人一
艇,丿丿,丿一
艉,丿丿,乙一
艋,丿丿,乙丨
艎,丿丿,丿丨
艏,丿丿,丶丿
艘,丿丿,丿丨
艚,丿丿,一丨
艟,丿丿,丶一
艨,丿丿,艹
艮,乙一一乙
良,丶乙一一
艰,乙丶,乙一
色,丿乙,乙丨
艳,一一,丿乙
艴,乙一,丿乙
艺,艹,乙
艽,艹,丿乙
艾,艹,丿丶
艿,艹,乙丿
节,艹,乙丨
芃,艹,丿乙
芄,艹,丿乙
芈,丨一,一一
芊,艹,丿一
芋,艹,一一
芍,艹,丿乙
芎,艹,乙一
芏,艹,土
芑,艹,乙一
芒,艹,丶一
芗,艹,乙乙
芘,艹,一乙
芙,艹,一一
芜,艹,一一
芝,艹,丶乙
芟,艹,丿乙
芠,艹,丶一
芡,艹,丿乙
芣,艹,一丿
芤,艹,乙丨
芥,艹,人丿
芦,艹,丶乙
芨,艹,丿乙
芩,艹,人丶
芪,艹,丿乙
芫,艹,一一
芬,艹,丿丶
芭,艹,乙丨
芮,艹,丨乙
芯,艹,丶乙
芰,艹,十
花,艹,人丿
芳,艹,丶一
芴,艹,丿乙
芷,艹,丨一
芸,艹,一一
芹,艹,丿丿
芼,艹,丿一
芽,艹,一乙
芾,艹,一丨
苁,艹,人人
苄,艹,丶一
苇,艹,一一
苈,艹,一丿
苉,艹,一丿
苊,艹,一丿
苋,艹,丨乙
苌,艹,丿一
苍,艹,人乙
苎,艹,丶丶
苏,艹,乙丿
苑,艹,丿乙
苒,艹,丨乙
苓,艹,人丶
苔,艹,乙丶
苕,艹,乙丿
苗,艹,丨乙
苘,艹,丨乙
苛,艹,一口
苜,艹,丨乙
苞,艹,丿乙
苟,艹,丿乙
苠,艹,乙一
苡,艹,乙丶
苣,艹,一乙
苤,艹,一丿
若,艹,一丿
苦,艹,十
苧,艹,丶丶
苫,艹,丨一
苯,艹,一丨
英,艹,丨乙
苴,艹,丨乙
苷,艹,一丨
苹,艹,一丶
苻,艹,人一
苾,艹,丶乙
茀,艹,乙一
茁,艹,乙丨
茂,艹,一丿
范,艹,水乙
茄,艹,乙丿
茅,艹,乙丶
茆,艹,丿乙
茈,艹,丨一
茉,艹,一一
茋,艹,丿乙
茌,艹,人土
茎,艹,乙丶
茏,艹,一丿
茑,艹,丿乙
茓,艹,丶丶
茔,艹,土
茕,艹,乙一
茗,艹,丿乙
茚,艹,丿乙
茛,艹,乙一
茜,艹,一丨
茝,艹,一丨
茧,艹,丨乙
茨,艹,丶一
茫,艹,水丶
茬,艹,一丿
茭,艹,丶一
茯,艹,人一
茱,艹,丿一
茳,艹,水一
茴,艹,丨乙
茵,艹,丨乙
茶,艹,人木
茸,艹,一丨
茹,艹,乙丿
茺,艹,丶一
茼,艹,丨乙
茽,艹,人丨
荀,艹,丿乙
荁,艹,一日
荃,艹,人一
荄,艹,丶一
荆,艹,丨丨
荇,艹,丿丿
草,艹,日
荏,艹,人丿
荐,艹,一丿
荑,艹,一乙
荒,艹,丶一
荓,艹,丶丿
荔,艹,乙丿
荖,艹,十
荙,艹,一丿
荚,艹,一丶
荛,艹,一乙
荜,艹,一乙
荞,艹,丿一
荟,艹,人一
荠,艹,丶一
荡,艹,水乙
荣,艹,木
荤,艹,一乙
荥,艹,水
荦,艹,丿一
荧,艹,丶丿
荨,艹,乙一
荩,艹,乙一
荪,艹,乙丨
荫,艹,乙丨
荬,艹,乙丶
荭,艹,乙乙
荮,艹,乙乙
药,艹,乙乙
荷,艹,人一
荸,艹,十
荻,艹,丿乙
荼,艹,人一
荽,艹,丿丶
莅,艹,人丶
莆,艹,一丨
莉,艹,丿一
莎,艹,水丨
莒,艹,口口
莓,艹,丿一
莘,艹,丶一
莙,艹,乙一
莛,艹,丿一
莜,艹,人丨
莝,艹,人人
莞,艹,丶丶
莠,艹,丿一
莨,艹,丶乙
莩,艹,丿丶
莪,艹,丿一
莫,艹,日
莰,艹,土
莱,艹,一丶
莲,艹,一乙
莳,艹,日
莴,艹,口丨
莶,艹,人一
获,艹,丿乙
莸,艹,丿乙
莹,艹,一一
莺,艹,丿乙
莼,艹,乙乙
莽,艹,一丿
莿,艹,一丨
菀,艹,丶丶
菁,艹,一一
菂,艹,丿丨
菅,艹,丶丶
菇,艹,乙丿
菉,艹,乙一
菊,艹,丿乙
菌,艹,丨乙
菍,艹,人丶
菏,艹,水一
菔,艹,月乙
菖,艹,日
菘,艹,木丿
菜,艹,丿丶
菝,艹,手
菟,艹,丿乙
菠,艹,水乙
菡,艹,乙丨
菥,艹,木丿
菩,艹,丶一
菪,艹,丶丶
菰,艹,乙丨
菱,艹,土
菲,艹,丨一
菹,艹,水丨
菼,艹,丶丿
菽,艹,丨一
萁,艹,一丨
萃,艹,丶一
萄,艹,丿乙
萆,艹,丿丨
萋,艹,一乙
萌,艹,日
萍,艹,水一
萎,艹,丿一
萏,艹,丿乙
萑,艹,人丶
萘,艹,一丿
萚,艹,手
萜,艹,丨乙
萝,艹,丨乙
萣,艹,丶丶
萤,艹,丨乙
营,艹,口口
萦,艹,乙乙
萧,艹,乙一
萨,艹,乙丨
萩,艹,丿一
萱,艹,丶丶
萳,艹,十
萸,艹,丿丨
萹,艹,丶乙
萼,艹,口口
落,艹,水丿
葆,艹,人口
葎,艹,丿丿
葑,艹,土
葖,艹,丶丶
著,艹,十
葙,艹,木丨
葚,艹,一丨
葛,艹,日
葜,艹,一一
葡,艹,丿乙
董,艹,丿一
葩,艹,丿丨
葫,艹,十
葬,艹,一丿
葭,艹,乙一
葰,艹,人乙
葱,艹,丿乙
葳,艹,一丿
葴,艹,一丿
葵,艹,乙丶
葶,艹,丶一
葸,艹,丨乙
葺,艹,口一
蒂,艹,丶一
蒄,艹,丶乙
蒇,艹,一丿
蒈,艹,一乙
蒉,艹,丨乙
蒋,艹,丶一
蒌,艹,丶丿
蒎,艹,水丿
蒐,艹,丿丨
蒗,艹,水丶
蒙,艹,一一
蒜,艹,一一
蒟,艹,丶一
蒡,艹,丶一
蒨,艹,人一
蒯,艹,丨丨
蒱,艹,手
蒲,艹,水一
蒴,艹,丶丿
蒸,艹,乙丨
蒹,艹,丶丿
蒺,艹,丶一
蒻,艹,乙一
蒽,艹,丨乙
蒿,艹,丶一
蓁,艹,一一
蓂,艹,日
蓄,艹,丶一
蓇,艹,丨乙
蓉,艹,丶丶
蓊,艹,丿丶
蓍,艹,十
蓏,艹,丿丿
蓐,艹,一丿
蓑,艹,丶一
蓓,艹,人丶
蓖,艹,丿丨
蓝,艹,丨丨
蓟,艹,丿乙
蓠,艹,丶一
蓢,艹,丶乙
蓣,艹,乙丶
蓥,艹,金
蓦,艹,乙乙
蓬,艹,丿乙
蓰,艹,丿丿
蓼,艹,乙丶
蓿,艹,丶丶
蔀,艹,丶一
蔃,艹,乙一
蔈,艹,一丨
蔊,艹,丶丿
蔌,艹,一丨
蔑,艹,丨乙
蔓,艹,日
蔗,艹,丶一
蔚,艹,乙一
蔟,艹,丶一
蔡,艹,丿乙
蔫,艹,一丨
蔬,艹,乙丨
蔷,艹,十
蔸,艹,丿丨
蔹,艹,人一
蔺,艹,丶丨
蔻,艹,丶丶
蔼,艹,丶乙
蔽,艹,丶丿
蕃,艹,丿丶
蕈,艹,一丨
蕉,艹,人丶
蕊,艹,丶乙
蕖,艹,水一
蕗,艹,口丨
蕙,艹,一丨
蕞,艹,日
蕤,艹,一丿
蕨,艹,一丿
蕰,艹,水日
蕲,艹,丶丿
蕴,艹,乙乙
蕹,艹,丶一
蕺,艹,口一
蕻,艹,一丨
蕾,艹,一丶
薁,艹,丿丨
薄,艹,水一
薅,艹,乙丿
薇,艹,丿丿
薏,艹,丶一
薛,艹,丿丨
薜,艹,乙一
薢,艹,丿乙
薤,艹,一丿
薨,艹,一丿
薪,艹,丶一
薮,艹,丶丿
薯,艹,丨乙
薰,艹,丿一
薳,艹,土
薷,艹,一丶
薸,艹,水一
薹,艹,土
薿,艹,丿乙
藁,艹,木
藉,艹,一一
藏,艹,一丿
藐,艹,丿丶
藓,艹,丿乙
藕,艹,一一
藜,艹,丿一
藟,艹,丨乙
藠,艹,丿丨
藤,艹,月丶
藦,艹,丶一
藨,艹,丶一
藩,艹,水丿
藻,艹,水口
藿,艹,一丶
蘅,艹,丿丿
蘑,艹,丶一
蘖,艹,木
蘘,艹,丶一
蘧,艹,丨一
蘩,艹,丿一
蘸,艹,一丨
蘼,艹,丶一
虎,丨一,丿乙
虏,丨一,乙丿
虐,丨一,一乙
虑,丨一,丶乙
虒,丿丿,丨一
虓,丿乙,丨一
虔,丨一,丶一
虚,丨一,丨丨
虞,丨一,口一
虢,丿丶,丨一
虤,丨一,丨一
虫,丨乙一丨
虬,丨乙,乙
虮,丨乙,丿乙
虱,乙,丿丨乙
虷,丨乙,一一
虸,丨乙,乙丨
虹,丨乙,一丨
虺,一丿,丨乙
虻,丨乙,丶一
虼,丨乙,丿一
虽,口,丨乙一
虾,丨乙,一丨
虿,一乙,丨乙
蚀,丿乙,丨乙
蚁,丨乙,丶丿
蚂,丨乙,乙乙
蚄,丨乙,丶一
蚆,丨乙,乙丨
蚊,丨乙,丶一
蚋,丨乙,丨乙
蚌,丨乙,一一
蚍,丨乙,一乙
蚓,丨乙,乙一
蚕,一一,丨乙
蚜,丨乙,一乙
蚝,丨乙,丿一
蚣,丨乙,丿丶
蚤,乙丶,丨乙
蚧,丨乙,人丿
蚨,丨乙,一一
蚩,乙丨,丨乙
蚪,丨乙,丶丶
蚬,丨乙,丨乙
蚯,丨乙,丿丨
蚰,丨乙,丨乙
蚱,丨乙,丿一
蚲,丨乙,一丶
蚴,丨乙,乙乙
蚶,丨乙,一丨
蚺,丨乙,丨乙
蛀,丨乙,丶一
蛃,丨乙,一丨
蛄,丨乙,十
蛆,丨乙,丨乙
蛇,丨乙,丶丶
蛉,丨乙,人丶
蛊,丨乙,丨乙
蛋,乙丨,丨乙
蛎,丨乙,一丿
蛏,丨乙,乙丶
蛐,丨乙,丨乙
蛑,丨乙,乙丶
蛔,丨乙,丨乙
蛘,丨乙,丶丿
蛙,丨乙,土
蛛,丨乙,丿一
蛞,丨乙,丿一
蛟,丨乙,丶一
蛤,丨乙,人一
蛩,一丨,丨乙
蛭,丨乙,一乙
蛮,丶一,丨乙
蛰,手,丨乙
蛱,丨乙,一丶
蛲,丨乙,一乙
蛳,丨乙,丨丿
蛴,丨乙,丶一
蛸,丨乙,丨丶
蛹,丨乙,乙丶
蛾,丨乙,丿一
蜀,丨乙,丿乙
蜂,丨乙,丿乙
蜃,一丿,丨乙
蜇,手,丨乙
蜈,丨乙,口一
蜉,丨乙,丿丶
蜊,丨乙,丿一
蜍,丨乙,人一
蜎,丨乙,口月
蜐,丨乙,土
蜒,丨乙,丿丨
蜓,丨乙,丿一
蜕,丨乙,丶丿
蜗,丨乙,口丨
蜘,丨乙,丿一
蜚,丨一,丨乙
蜜,丶丶,丨乙
蜞,丨乙,一丨
蜡,丨乙,一丨
蜢,丨乙,乙丨
蜣,丨乙,丶丿
蜥,丨乙,木丿
蜩,丨乙,丿乙
蜮,丨乙,一口
蜱,丨乙,丿丨
蜴,丨乙,日
蜷,丨乙,丶丿
蜻,丨乙,一一
蜾,丨乙,丨乙
蜿,丨乙,丶丶
蝇,丨乙,口丨
蝈,丨乙,丨乙
蝉,丨乙,丶丿
蝌,丨乙,丿一
蝎,丨乙,日
蝓,丨乙,人一
蝗,丨乙,丿丨
蝘,丨乙,一日
蝙,丨乙,丶乙
蝠,丨乙,一口
蝣,丨乙,丶一
蝤,丨乙,丶丿
蝥,乙丶,丨乙
蝮,丨乙,丿一
蝰,丨乙,一丿
蝲,丨乙,一丨
蝴,丨乙,十
蝶,丨乙,一丨
蝻,丨乙,十
蝼,丨乙,丶丿
蝽,丨乙,一一
蝾,丨乙,艹
螂,丨乙,丶乙
螃,丨乙,丶一
螅,丨乙,丿丨
螈,丨乙,一丿
螋,丨乙,丿丨
融,一口,丨乙
螗,丨乙,丶一
螟,丨乙,丶乙
螠,丨乙,丶丿
螣,月丶,丨乙
螨,丨乙,艹
螫,土,丨乙
螬,丨乙,一丨
螭,丨乙,丶一
螯,一一,丨乙
螱,乙一,丨乙
螳,丨乙,丨丶
螵,丨乙,一丨
螺,丨乙,丨乙
螽,丿乙,丨乙
蟀,丨乙,丶一
蟆,丨乙,艹
蟊,乙丶,丨乙
蟋,丨乙,丿丶
蟏,丨乙,艹
蟑,丨乙,丶一
蟒,丨乙,艹
蟛,丨乙,土
蟠,丨乙,丿丶
蟥,丨乙,一丨
蟪,丨乙,一丨
蟫,丨乙,一丨
蟮,丨乙,丶丿
蟹,丿乙,丨乙
蟾,丨乙,丿乙
蠃,丶一,丨乙
蠊,丨乙,丶一
蠋,丨乙,丨乙
蠓,丨乙,艹
蠕,丨乙,一丶
蠖,丨乙,艹
蠡,乙乙,丨乙
蠢,一一,丨乙
蠲,丶丿,丨乙
蠹,一丨,一丿
蠼,丨乙,丨乙
血,丿丨乙丨
衃,丿丨,一丿
衄,丿丨,乙丨
衅,丿丨,丶丿
行,丿丿,一一
衍,丿丿,水一
衎,丿丿,一一
衒,丿丿,丶一
衔,丿丿,金
街,丿丿,土
衙,丿丿,一丨
衠,丿丿,十
衡,丿丿,丿乙
衢,丿丿,丨乙
衣,丶一丿乙
补,丶乙,丨丶
表,一一,丿乙
衩,丶乙,乙丶
衫,丶乙,丿丿
衬,丶乙,一丨
衮,丶一,丿丶
衰,丶一,丨乙
衲,丶乙,丨乙
衷,丶一,丨乙
衽,丶乙,丿一
衾,人丶,丶一
衿,丶乙,人丶
袁,土,口丿
袂,丶乙,乙一
袄,丶乙,丿一
袅,丿乙,丶一
袆,丶乙,一一
袈,乙丿,丶一
袋,人一,丶一
袍,丶乙,丿乙
袒,丶乙,日
袖,丶乙,丨乙
袗,丶乙,人丿
袜,丶乙,一一
袢,丶乙,丶丿
袤,丶一,乙丶
袪,丶乙,土
被,丶乙,乙丿
袭,一丿,丶一
袯,丶乙,乙丿
袱,丶乙,人一
袷,丶乙,人一
袼,丶乙,丿乙
裁,十,丶一
裂,一丿,丶一
装,丶一,丶一
裆,丶乙,丨丶
裈,丶乙,丶乙
裉,丶乙,乙一
裎,丶乙,口一
裒,丶一,丿丨
裔,丶一,丨乙
裕,丶乙,丿丶
裘,一丨,丶一
裙,丶乙,乙一
裛,丶一,口乙
裟,水丨,丶一
裢,丶乙,一乙
裣,丶乙,人一
裤,丶乙,丶一
裥,丶乙,丶丨
裨,丶乙,丿丨
裰,丶乙,乙丶
裱,丶乙,一一
裳,丨丶,丶一
裴,丨一,丶一
裸,丶乙,丨乙
裹,丶一,丨乙
裼,丶乙,日
裾,丶乙,乙一
褂,丶乙,土
褊,丶乙,丶乙
褐,丶乙,日
褒,丶一,人口
褓,丶乙,人口
褕,丶乙,人一
褙,丶乙,丨一
褚,丶乙,十
褛,丶乙,丶丿
褟,丶乙,日
褡,丶乙,艹
褥,丶乙,一丿
褪,丶乙,乙一
褫,丶乙,丿丿
褯,丶乙,丶一
褰,丶丶,丶一
褴,丶乙,丨丨
褶,丶乙,乙丶
襁,丶乙,乙一
襄,丶一,口口
襕,丶乙,丶丨
襚,丶乙,丶丿
襜,丶乙,丿乙
襞,乙一,丶一
襟,丶乙,木木
襦,丶乙,一丶
襫,丶乙,一一
襻,丶乙,木丿
西,一丨乙丿
要,一丨,乙丿
覃,一丨,日
覆,一丨,丿丿
见,丨乙,丿乙
观,乙丶,丨乙
觃,丨乙,乙丨
规,一一,丨乙
觅,丿丶,丨乙
视,丶乙,丨乙
觇,丨一,丨乙
览,丨丨,丨乙
觉,丶丶,丨乙
觊,丨乙,丨乙
觋,一丨,丨乙
觌,十,丨乙
觎,人一,丨乙
觏,一一,丨乙
觐,一丨,丨乙
觑,丨一,丨乙
角,丿乙,丿乙
觖,丿乙,乙一
觚,丿乙,丿丿
觜,丨一,丿乙
觞,丿乙,丿一
觟,丿乙,土
解,丿乙,乙丿
觥,丿乙,丨丶
触,丿乙,丨乙
觫,丿乙,一丨
觭,丿乙,一丿
觯,丿乙,丶丿
觱,一丿,丿乙
觳,土,丿乙
觿,丿乙,丨乙
言,丶一一一
訄,丿乙,丶一
訇,丿乙,丶一
訚,丶丨,丶一
訾,丨一,丶一
詈,丨乙,丶一
詟,一丿,丶一
詹,丿乙,丶一
誉,丶丶,丶一
誊,丶丿,丶一
誓,手,丶一
謇,丶丶,丶一
警,艹,丶一
譬,乙一,丶一
计,丶乙,十
订,丶乙,一丨
讣,丶乙,丨丶
认,丶乙,人
讥,丶乙,丿乙
讦,丶乙,一一
讧,丶乙,一丨
讨,丶乙,一丨
让,丶乙,丨一
讪,丶乙,丨乙
讫,丶乙,丿一
训,丶乙,丿丨
议,丶乙,丶丿
讯,丶乙,乙一
记,丶乙,乙一
讱,丶乙,乙丿
讲,丶乙,一一
讳,丶乙,一一
讴,丶乙,一丿
讵,丶乙,一乙
讶,丶乙,一乙
讷,丶乙,丨乙
许,丶乙,丿一
讹,丶乙,人丿
论,丶乙,人丿
讻,丶乙,丿丶
讼,丶乙,丿丶
讽,丶乙,丿乙
设,丶乙,丿乙
访,丶乙,丶一
诀,丶乙,乙一
证,丶乙,一丨
诂,丶乙,十
诃,丶乙,一口
评,丶乙,一丶
诅,丶乙,丨乙
识,丶乙,口丿
诇,丶乙,丨乙
诈,丶乙,丿一
诉,丶乙,丿丿
诊,丶乙,人丿
诋,丶乙,丿乙
诌,丶乙,丿乙
词,丶乙,乙一
诎,丶乙,乙丨
诏,丶乙,乙丿
诐,丶乙,乙丿
译,丶乙,乙丶
诒,丶乙,乙丶
诓,丶乙,一一
诔,丶乙,一一
试,丶乙,一一
诖,丶乙,土
诗,丶乙,土
诘,丶乙,土
诙,丶乙,一丿
诚,丶乙,一丿
诛,丶乙,丿一
诜,丶乙,丿一
话,丶乙,丿一
诞,丶乙,丿丨
诟,丶乙,丿丿
诠,丶乙,人一
诡,丶乙,丿乙
询,丶乙,丿乙
诣,丶乙,丿乙
诤,丶乙,丿乙
该,丶乙,丶一
详,丶乙,丶丿
诧,丶乙,丶丶
诨,丶乙,丶乙
诩,丶乙,乙丶
诫,丶乙,一一
诬,丶乙,一丨
语,丶乙,一丨
诮,丶乙,丨丶
误,丶乙,口一
诰,丶乙,丿一
诱,丶乙,丿一
诲,丶乙,丿一
诳,丶乙,丿乙
说,丶乙,丶丿
诵,丶乙,乙丶
请,丶乙,一一
诸,丶乙,十
诹,丶乙,一丨
诺,丶乙,艹
读,丶乙,十
诼,丶乙,一丿
诽,丶乙,丨一
课,丶乙,丨乙
诿,丶乙,丿一
谀,丶乙,丿丨
谁,丶乙,人丶
谂,丶乙,人丶
调,丶乙,丿乙
谄,丶乙,丿乙
谅,丶乙,丶一
谆,丶乙,丶一
谇,丶乙,丶一
谈,丶乙,丶丿
谊,丶乙,丶丶
谋,丶乙,一丨
谌,丶乙,一丨
谍,丶乙,一丨
谎,丶乙,艹
谏,丶乙,一丨
谐,丶乙,一乙
谑,丶乙,丨一
谒,丶乙,日
谓,丶乙,丨乙
谔,丶乙,口口
谕,丶乙,人一
谖,丶乙,丿丶
谗,丶乙,丿乙
谙,丶乙,丶一
谚,丶乙,丶一
谛,丶乙,丶一
谜,丶乙,丶丿
谝,丶乙,丶乙
谞,丶乙,乙丨
谟,丶乙,艹
谠,丶乙,丨丶
谡,丶乙,丨乙
谢,丶乙,丿丨
谣,丶乙,丿丶
谤,丶乙,丶一
谥,丶乙,丶丿
谦,丶乙,丶丿
谧,丶乙,丶乙
谨,丶乙,一丨
谩,丶乙,日
谪,丶乙,丶一
谫,丶乙,丶丿
谬,丶乙,乙丶
谭,丶乙,一丨
谮,丶乙,一乙
谯,丶乙,人丶
谰,丶乙,丶丨
谱,丶乙,丶丿
谲,丶乙,乙丶
谳,丶乙,十
谴,丶乙,丨乙
谵,丶乙,丿乙
谶,丶乙,人人
谷,丿丶,口
谼,丿丶,一丨
谿,丿丶,丿丶
豁,丶丶,丿丶
豆,一口丶丿
豇,一口,一丨
豉,一口,十
豌,一口,丶丶
豕,一丿乙丿
豚,月,一丿乙
象,丿乙丨乙
豢,丶丿,一丿
豨,一丿,丿丶
豪,丶一,一丿
豫,乙丶,丿乙
豮,一丿,十
豳,丨一丿乙
豸,丿丶丶丿
豹,丿丶,丿乙
豺,丿丶,一丨
貂,丿丶,乙丿
貅,丿丶,人木
貆,丿丶,一日
貉,丿丶,丿乙
貊,丿丶,一丿
貌,丿丶,丿丨
貔,丿丶,丿丨
貘,丿丶,艹
贝,贝
贞,丨一,贝
负,丿乙,贝
贡,一丨,贝
财,贝,一丨
责,一一,贝
贤,丨丨,贝
败,贝,丿一
账,贝,丿一
货,人丿,贝
质,丿丿,十
贩,贝,丿丿
贪,人丶,贝
贫,丿丶,贝
贬,贝,丿丶
购,贝,丿乙
贮,贝,丶丶
贯,乙乙,贝
贰,一一一贝
贱,贝,一一
贲,十,贝
贳,一丨,贝
贴,贝,丨一
贵,丨乙,贝
贶,贝,口丿
贷,人一,贝
贸,丿乙,贝
费,乙一,贝
贺,乙丿,贝
贻,贝,乙丶
贼,贝,一一
贽,手,贝
贾,一丨,贝
贿,贝,一丿
赀,丨一,贝
赁,人丿,贝
赂,贝,丿乙
赃,贝,丶一
资,丶一,贝
赅,贝,丶一
赆,贝,乙一
赇,贝,一丨
赈,贝,一丿
赉,一丶,贝
赊,贝,人一
赋,贝,一一
赌,贝,十
赍,十,贝
赎,贝,十
赏,丨丶,贝
赐,贝,日
赑,贝,贝
赒,贝,丿乙
赓,丶一,贝
赔,贝,丶一
赕,贝,丶丿
赖,一丨,丿乙
赗,贝,丨乙
赘,一一,贝
赙,贝,一丨
赚,贝,丶丿
赛,丶丶,贝
赜,一丨,一一
赝,一丿,贝
赞,丿一,贝
赟,丶一,贝
赠,贝,丶丿
赡,贝,丿乙
赢,丶一,贝
赣,丶一,丿乙
赤,土丿丨
赦,土,丿一
赧,土,乙丨
赪,土,丨一
赫,土,土
赭,土,十
走,土,丨一
赳,土,乙丨
赴,土,丨丶
赵,土,丿丶
赶,土,一一
起,土,乙一
趁,土,人丿
趄,土,丨乙
超,土,乙丿
越,土,一乙
趋,土,丿乙
趑,土,丶一
趔,土,一丿
趟,土,丨丶
趣,土,一丨
趯,土,乙丶
趱,土,丿一
足,口丨一丿
趴,口丨,丿丶
趵,口丨,丿乙
趸,一乙,口丨
趺,口丨,一一
趼,口丨,一一
趾,口丨,丨一
趿,口丨,丿乙
跂,口丨,十
跃,口丨,丿一
跄,口丨,人乙
跆,口丨,乙丶
跋,口丨,一丿
跌,口丨,丿一
跎,口丨,丶丶
跏,口丨,乙丿
跐,口丨,丨一
跑,口丨,丿乙
跖,口丨,一丿
跗,口丨,人一
跚,口丨,丿乙
跛,口丨,乙丿
距,口丨,一乙
跞,口丨,丿乙
跟,口丨,乙一
跣,口丨,丿一
跤,口丨,丶一
跨,口丨,一丿
跪,口丨,丿乙
跬,口丨,土
路,口丨,丿乙
跱,口丨,土
跳,口丨,丿丶
践,口丨,一一
跶,口丨,一丿
跷,口丨,一乙
跸,口丨,一乙
跹,口丨,丿一
跺,口丨,丿乙
跻,口丨,丶一
跽,口丨,乙一
踅,手,口丨
踉,口丨,丶乙
踊,口丨,乙丶
踌,口丨,一一
踏,口丨,水日
踒,口丨,丿一
踔,口丨,丨一
踝,口丨,丨乙
踞,口丨,乙一
踟,口丨,丿一
踢,口丨,日
踣,口丨,丶一
踦,口丨,一丿
踩,口丨,丿丶
踪,口丨,丶丶
踬,口丨,丿丿
踮,口丨,丶一
踯,口丨,丶丿
踱,口丨,丶一
踵,口丨,丿一
踶,口丨,日
踹,口丨,丨乙
踺,口丨,乙一
踽,口丨,丿丨
蹀,口丨,一丨
蹁,口丨,丶乙
蹂,口丨,乙丶
蹄,口丨,丶一
蹅,口丨,木日
蹇,丶丶,口丨
蹈,口丨,丿丶
蹉,口丨,丶丿
蹊,口丨,丿丶
蹋,口丨,日
蹐,口丨,丶一
蹑,口丨,一丨
蹒,口丨,艹
蹙,一丿,口丨
蹚,口丨,丨丶
蹜,口丨,丶丶
蹢,口丨,丶一
蹦,口丨,丨乙
蹩,丶丿,口丨
蹬,口丨,乙丶
蹭,口丨,丶丿
蹯,口丨,丿丶
蹰,口丨,一丿
蹲,口丨,丶丿
蹴,口丨,丶一
蹶,口丨,一丿
蹼,口丨,丨丨
蹽,口丨,一丿
蹾,口丨,丶一
蹿,口丨,丶丶
躁,口丨,口口
躅,口丨,丨乙
躇,口丨,艹
躏,口丨,艹
躐,口丨,乙乙
躔,口丨,丶一
躜,口丨,丿一
躞,口丨,丶一
身,丿丨乙一
躬,丿丨,乙一
躯,丿丨,一丿
躲,丿丨,丿乙
躺,丿丨,丨丶
车,一乙一丨
轧,一乙,乙
轨,一乙,丿乙
轩,一乙,一一
轪,一乙,一丿
轫,一乙,乙丿
转,一乙,一一
轭,一乙,一丿
轮,一乙,人丿
软,一乙,丿乙
轰,一乙,乙丶
轱,一乙,十
轲,一乙,一口
轳,一乙,丨一
轴,一乙,丨乙
轵,一乙,口丿
轶,一乙,丿一
轷,一乙,丿丶
轸,一乙,人丿
轹,一乙,丿乙
轺,一乙,乙丿
轻,一乙,乙丶
轼,一乙,一一
载,十,一乙
轾,一乙,一乙
轿,一乙,丿一
辀,一乙,丿丿
辁,一乙,人一
辂,一乙,丿乙
较,一乙,丶一
辄,一乙,一丨
辅,一乙,一丨
辆,一乙,一丨
辇,一一,一乙
辈,丨一,一乙
辉,丨丶,丶乙
辊,一乙,日
辋,一乙,丨乙
辌,一乙,丶一
辍,一乙,乙丶
辎,一乙,乙乙
辏,一乙,一一
辐,一乙,一口
辑,一乙,口一
辒,一乙,日
输,一乙,人一
辔,乙乙,口
辕,一乙,土
辖,一乙,丶丶
辗,一乙,乙一
辘,一乙,丶一
辙,一乙,丶一
辚,一乙,丶丿
辛,丶一,十
辜,十,丶一
辞,丿一,丶一
辟,乙一,丶一
辣,丶一,一丨
辨,丶一,丶丿
辩,丶一,丶乙
辫,丶一,乙乙
辰,一丿,一一
辱,一丿,一丨
边,乙丿,丶乙
辽,乙丨,丶乙
达,一丿,丶乙
辿,丨乙,丶乙
迁,丿一,丶乙
迂,一一,丶乙
迄,丿一,丶乙
迅,乙一,丶乙
过,一丨,丶乙
迈,一乙,丶乙
迎,丿乙,丶乙
运,一一,丶乙
近,丿丿,丶乙
迓,一乙,丶乙
返,丿丿,丶乙
迕,丿一,丶乙
还,一丿,丶乙
这,丶一,丶乙
进,一一,丶乙
远,一一,丶乙
违,一一,丶乙
连,一乙,丶乙
迟,乙一,丶乙
迢,乙丿,丶乙
迤,丿一,丶乙
迥,丨乙,丶乙
迦,乙丿,丶乙
迨,乙丶,丶乙
迩,丿乙,丶乙
迪,丨乙,丶乙
迫,丿丨,丶乙
迭,丿一,丶乙
迮,丿一,丶乙
述,木丶,丶乙
迳,乙丶,丶乙
迷,丶丿,丶乙
迸,丶丿,丶乙
迹,丶一,丶乙
迺,一丨,丶乙
追,丿丨,丶乙
退,乙一,丶乙
送,丶丿,丶乙
适,丿一,丶乙
逃,丿丶,丶乙
逄,丿乙,丶乙
逅,丿丿,丶乙
逆,丶丿,丶乙
选,丿一,丶乙
逊,乙丨,丶乙
逋,一丨,丶乙
逍,丨丶,丶乙
透,丿一,丶乙
逐,一丿,丶乙
逑,一丨,丶乙
递,丶丿,丶乙
途,人一,丶乙
逖,丿乙,丶乙
逗,一口,丶乙
通,乙丶,丶乙
逛,丿乙,丶乙
逝,手,丶乙
逞,口一,丶乙
速,一丨,丶乙
造,丿一,丶乙
逡,乙丶,丶乙
逢,丿乙,丶乙
逦,一丨,丶乙
逭,丶丶,丶乙
逮,乙一,丶乙
逯,乙一,丶乙
逴,丨一,丶乙
逵,土,丶乙
逶,丿一,丶乙
逸,丿乙,丶乙
逻,丨乙,丶乙
逼,一口,丶乙
逾,人一,丶乙
遁,丿丿,丶乙
遂,丶丿,丶乙
遄,丨乙,丶乙
遆,丶一,丶乙
遇,丨乙,丶乙
遍,丶乙,丶乙
遏,日,丶乙
遐,乙一,丶乙
遑,丿丨,丶乙
遒,丶丿,丶乙
道,丶丿,丶乙
遗,丨乙,丶乙
遘,一一,丶乙
遛,丿乙,丶乙
遢,日,丶乙
遣,丨乙,丶乙
遥,丿丶,丶乙
遨,一一,丶乙
遭,一丨,丶乙
遮,丶一,丶乙
遴,丶丿,丶乙
遵,丶丿,丶乙
遹,乙丶,丶乙
遽,丨一,丶乙
避,乙一,丶乙
邀,丿丨,丶乙
邂,丿乙,丶乙
邃,丶丶,丶乙
邈,丿丶,丶乙
邋,乙乙,丶乙
邑,口,乙丨一
邓,乙丶,乙丨
邕,乙乙,口乙
邗,一一,乙丨
邘,一一,乙丨
邙,丶一,乙丨
邛,一丨,乙丨
邝,丶一,乙丨
邠,丿丶,乙丨
邡,丶一,乙丨
邢,一一,乙丨
那,乙一,乙丨
邦,一一,乙丨
邨,一乙,乙丨
邪,一乙,乙丨
邬,丿乙,乙丨
邮,丨乙,乙丨
邯,一丨,乙丨
邰,乙丶,乙丨
邱,丿丨,乙丨
邲,丶乙,乙丨
邳,一丿,乙丨
邴,一丨,乙丨
邵,乙丿,乙丨
邶,丨一,乙丨
邸,丿乙,乙丨
邹,丿乙,乙丨
邺,丨丨,乙丨
邻,人丶,乙丨
邽,土,乙丨
邾,丿一,乙丨
邿,土,乙丨
郁,一丿,乙丨
郃,人一,乙丨
郄,丿丶,乙丨
郅,一乙,乙丨
郇,丿乙,乙丨
郈,丿丿,乙丨
郊,丶一,乙丨
郎,丶乙,乙丨
郏,一丶,乙丨
郐,人一,乙丨
郑,丶丿,乙丨
郓,丶乙,乙丨
郗,丿丶,乙丨
郚,一丨,乙丨
郛,丿丶,乙丨
郜,丿一,乙丨
郝,土,乙丨
郡,乙一,乙丨
郢,口一,乙丨
郤,丿丶,乙丨
郦,一丨,乙丨
郧,口贝,乙
部,丶一,乙丨
郪,一乙,乙丨
郫,丿丨,乙丨
郭,丶一,乙丨
郯,丶丿,乙丨
郴,木木,乙丨
郸,丶丿,乙丨
都,十,乙丨
郾,一日,乙
郿,乙丨,乙丨
鄀,艹,乙丨
鄂,口口,乙丨
鄃,人一,乙丨
鄄,一丨,乙丨
鄅,丿丨,乙丨
鄌,丶一,乙丨
鄑,一丨,乙丨
鄗,丶一,乙丨
鄘,丶一,乙丨
鄙,口十,乙
鄚,艹,乙丨
鄜,丶一,乙丨
鄞,一丨,乙丨
鄠,一丶,乙丨
鄢,一丨,乙丨
鄣,丶一,乙丨
鄫,丶丿,乙丨
鄯,丶丿,乙丨
鄱,丿丶,乙丨
鄹,一丨,乙丨
酂,丿一,乙丨
酃,一丶,乙丨
酅,丨乙,乙丨
酆,丨一,乙丨
酉,一丨乙丿
酊,一丨,一丨
酋,丶丿,一丨
酌,一丨,丿乙
配,一丨,乙一
酎,一丨,一丨
酏,一丨,乙丨
酐,一丨,一一
酒,水,一丨乙
酗,一丨,丿丶
酚,一丨,丿丶
酝,一丨,一一
酞,一丨,一丿
酡,一丨,丶丶
酢,一丨,丿一
酣,一丨,一丨
酤,一丨,十
酥,一丨,丿一
酦,一丨,乙丿
酩,一丨,丿乙
酪,一丨,丿乙
酬,一丨,丶丿
酮,一丨,丨乙
酯,一丨,丿乙
酰,一丨,丿一
酱,丶一,一丨
酲,一丨,口一
酴,一丨,人一
酵,一丨,十
酶,一丨,丿一
酷,一丨,丿一
酸,一丨,乙丶
酹,一丨,丿丶
酺,一丨,一丨
酽,一丨,一丨
酾,一丨,一丨
酿,一丨,丶乙
醅,一丨,丶一
醇,一丨,丶一
醉,一丨,丶一
醋,一丨,一丨
醌,一丨,日
醍,一丨,日
醐,一丨,十
醑,一丨,乙丨
醒,一丨,日
醚,一丨,丶丿
醛,一丨,艹
醢,一丨,一丿
醨,一丨,丶一
醪,一丨,乙丶
醭,一丨,丨丨
醮,一丨,人丶
醯,一丨,丶一
醴,一丨,丨乙
醵,一丨,丨一
醺,一丨,丿一
醾,一丨,丶一
采,丿丶,木
釉,丿丶,丨乙
释,丿丶,乙丶
里,丨乙一一
重,丿一丨乙
野,丨乙,乙丶
量,日,丨乙
釐,一一,丨乙
金,金
釜,丿丶,一一
鉴,丨丨,金
銎,一丨,金
銮,丶一,金
鋆,土,金
鋈,水丿,金
錾,一乙,金
鍪,乙丶,金
鎏,水丶,金
鏊,一一,金
鏖,丶一,金
鐾,乙一,金
鑫,金,金
钆,金,乙
钇,金,乙
针,金,十
钉,金,一丨
钊,金,丨丨
钋,金,丨丶
钌,金,乙丨
钍,金,土
钎,金,丿一
钏,金,丿丨
钐,金,丿丿
钒,金,丿乙
钓,金,丿乙
钔,金,丶丨
钕,金,乙丿
钖,金,乙丿
钗,金,乙丶
钘,金,一一
钙,金,一丨
钚,金,一丿
钛,金,一丿
钜,金,一乙
钝,金,一乙
钞,金,丨丿
钟,金,丨乙
钠,金,丨乙
钡,金,贝
钢,金,丨乙
钣,金,丿丿
钤,金,人丶
钥,金,月
钦,金,丿乙
钧,金,丿乙
钨,金,丿乙
钩,金,丿乙
钪,金,丶一
钫,金,丶一
钬,金,丶丿
钭,金,丶丶
钮,金,乙丨
钯,金,乙丨
钰,金,一一
钱,金,一一
钲,金,一丨
钳,金,一丨
钴,金,十
钵,金,一丨
钷,金,一口
钹,金,一丿
钺,金,一乙
钻,金,丨一
钼,金,丨乙
钽,金,日
钾,金,丨乙
钿,金,丨乙
铀,金,丨乙
铁,金,丿一
铂,金,丿丨
铃,金,人丶
铄,金,丿乙
铅,金,丿乙
铆,金,丿乙
铈,金,丶一
铉,金,丶一
铊,金,丶丶
铋,金,丶乙
铌,金,乙一
铍,金,乙丿
铎,金,乙丶
铏,金,一一
铐,金,十
铑,金,十
铒,金,一丨
铕,金,一丿
铖,金,一丿
铗,金,一丶
铘,金,一乙
铙,金,一乙
铚,金,一乙
铛,金,丨丶
铜,金,丨乙
铝,金,口口
铞,金,口丨
铟,金,丨乙
铠,金,丨乙
铡,金,贝
铢,金,丿一
铣,金,丿一
铤,金,丿一
铥,金,丿一
铧,金,人丿
铨,金,人一
铩,金,丿丶
铪,金,人一
铫,金,丿丶
铬,金,丿乙
铭,金,丿乙
铮,金,丿乙
铯,金,丿乙
铰,金,丶一
铱,金,丶一
铲,金,丶一
铳,金,丶一
铴,金,水乙
铵,金,丶丶
银,金,乙一
铷,金,乙丿
铸,金,一一
铹,金,艹
铺,金,一丨
铻,金,一丨
铼,金,一丶
铽,金,一丶
链,金,一乙
铿,金,丨丨
销,金,丨丶
锁,金,丨丶
锂,金,丨乙
锃,金,口一
锄,金,丨乙
锅,金,口丨
锆,金,丿一
锇,金,丿一
锈,金,丿一
锉,金,人人
锊,金,丿丶
锋,金,丿乙
锌,金,丶一
锍,金,丶一
锎,金,丶丨
锏,金,丶丨
锐,金,丶丿
锑,金,丶丿
锒,金,丶乙
锓,金,乙一
锔,金,乙一
锕,金,乙丨
锖,金,一一
锗,金,十
锘,金,艹
错,金,一丨
锚,金,艹
锛,金,一丿
锜,金,一丿
锝,金,日
锞,金,丨乙
锟,金,日
锡,金,日
锢,金,丨乙
锣,金,丨乙
锤,金,丿一
锥,金,人丶
锦,金,丿丨
锧,金,丿丿
锨,金,丿丿
锩,金,丶丿
锪,金,丿乙
锫,金,丶一
锬,金,丶丿
锭,金,丶丶
键,金,乙一
锯,金,乙一
锰,金,乙丨
锱,金,乙乙
锲,金,一一
锳,金,艹
锴,金,一乙
锵,金,丶一
锶,金,丨乙
锷,金,口口
锸,金,丿一
锹,金,丿一
锺,金,丿一
锻,金,丿丨
锼,金,丿丨
锽,金,丿丨
锾,金,丿丶
锿,金,丶一
镀,金,丶一
镁,金,丶丿
镂,金,丶丿
镃,金,丶丿
镄,金,乙一
镅,金,乙丨
镆,金,艹
镇,金,十
镈,金,一丨
镉,金,一口
镊,金,一丨
镋,金,丨丶
镌,金,人丶
镍,金,丿丨
镎,金,人一
镏,金,丿乙
镐,金,丶一
镑,金,丶一
镒,金,丶丿
镓,金,丶丶
镔,金,丶丶
镕,金,丶丶
镖,金,一丨
镗,金,丨丶
镘,金,日
镚,金,丨乙
镛,金,丶一
镜,金,丶一
镝,金,丶一
镞,金,丶一
镠,金,乙丶
镡,金,一丨
镢,金,一丿
镣,金,一丿
镤,金,丨丨
镥,金,丿乙
镦,金,丶一
镧,金,丶丨
镨,金,丶丿
镩,金,丶丶
镪,金,乙一
镫,金,乙丶
镬,金,艹
镭,金,一丶
镮,金,丨乙
镯,金,丨乙
镰,金,丶一
镱,金,丶一
镲,金,丶丶
镳,金,丶一
镴,金,乙乙
镵,金,丿乙
镶,金,丶一
长,丿一乙丶
门,丶丨乙
闩,丶丨,一
闪,丶丨,人
闫,丶丨,一一
闭,丶丨,一丨
问,丶丨,口
闯,丶丨,乙乙
闰,丶丨,一一
闱,丶丨,一一
闲,丶丨,木
闳,丶丨,一丿
间,丶丨,日
闵,丶丨,丶一
闶,丶丨,丶一
闷,丶丨,丶乙
闸,丶丨,丨乙
闹,丶丨,丶一
闺,丶丨,土
闻,丶丨,一丨
闼,丶丨,一丿
闽,丶丨,丨乙
闾,丶丨,口口
闿,丶丨,丨乙
阀,丶丨,人一
阁,丶丨,丿乙
阂,丶丨,丶一
阃,丶丨,丨乙
阄,丶丨,丿乙
阅,丶丨,丶丿
阆,丶丨,丶乙
阇,丶丨,十
阈,丶丨,一口
阉,丶丨,一丿
阊,丶丨,日
阋,丶丨,丿丨
阌,丶丨,丿丶
阍,丶丨,丿乙
阎,丶丨,丿乙
阏,丶丨,丶一
阐,丶丨,丶丿
阑,丶丨,一丨
阒,丶丨,丨乙
阔,丶丨,水丿
阕,丶丨,乙丶
阖,丶丨,土
阗,丶丨,十
阘,丶丨,日
阙,丶丨,丶丿
阚,丶丨,乙一
阜,丿丨,十
队,乙丨,人
阡,乙丨,丿一
阪,乙丨,丿丿
阮,乙丨,一一
阱,乙丨,一一
防,乙丨,丶一
阳,乙丨,日
阴,乙丨,月
阵,乙丨,一乙
阶,乙丨,人丿
阻,乙丨,丨乙
阼,乙丨,丿一
阽,乙丨,丨一
阿,乙丨,一口
陀,乙丨,丶丶
陂,乙丨,乙丿
附,乙丨,人一
际,乙丨,一一
陆,乙丨,一一
陇,乙丨,一丿
陈,乙丨,一乙
陉,乙丨,乙丶
陋,乙丨,一丨
陌,乙丨,一丿
降,乙丨,丿乙
陎,乙丨,丿一
限,乙丨,乙一
陑,乙丨,一丿
陔,乙丨,丶一
陕,乙丨,一丶
陛,乙丨,一乙
陞,乙丨,丿一
陟,乙丨,丨一
陡,乙丨,土
院,乙丨,丶丶
除,乙丨,人一
陧,乙丨,日
陨,乙丨,口贝
险,乙丨,人一
陪,乙丨,丶一
陬,乙丨,一丨
陲,乙丨,丿一
陴,乙丨,丿丨
陵,乙丨,土
陶,乙丨,丿乙
陷,乙丨,丿乙
隃,乙丨,人一
隅,乙丨,丨乙
隆,乙丨,丿乙
隈,乙丨,丨乙
隋,乙丨,一丿
隍,乙丨,丿丨
随,乙丨,一丿
隐,乙丨,丿乙
隔,乙丨,一口
隗,乙丨,丿丨
隘,乙丨,丶丿
隙,乙丨,丨丿
障,乙丨,丶一
隧,乙丨,丶丿
隩,乙丨,丿丨
隰,乙丨,日
隳,乙丨,人丨
隶,乙一一丨
隹,人,丶一一
隺,丶乙丿丨
隼,人丶,十
隽,人丶,乙丿
难,乙丶,人丶
雀,丨丿,人丶
雁,一丿,人人
雄,一丿,人丶
雅,一乙,人丶
集,人丶,木
雇,丶乙,人丶
雉,丿一,人丶
雊,丿乙,人丶
雌,丨一,人丶
雍,丶一,乙乙
雎,丨乙,人丶
雏,丿乙,人丶
雒,丿乙,人丶
雕,丿乙,人丶
雠,人丶,丶乙
雨,一丨乙丨
雩,一丶,一一
雪,一丶,乙一
雯,一丶,丶一
雱,一丶,丶一
雳,一丶,一丿
零,一丶,人丶
雷,一丶,丨乙
雹,一丶,丿乙
雾,一丶,丿乙
需,一丶,一丿
霁,一丶,丶一
霄,一丶,丨丶
霅,一丶,丶一
霆,一丶,丿一
震,一丶,一丿
霈,一丶,水一
霉,一丶,丿一
霍,一丶,人丶
霎,一丶,丶一
霏,一丶,丨一
霓,一丶,丿丨
霖,一丶,木木
霜,一丶,木丨
霞,一丶,乙一
霨,一丶,乙一
霪,一丶,水丿
霭,一丶,丶乙
霰,一丶,一丨
露,一丶,口丨
霸,一丶,一丨
霹,一丶,乙一
霾,一丶,丿丶
青,一一,月
靓,一一,丨乙
靖,丶一,一一
静,一一,丿乙
靛,一一,丶丶
非,丨一,丨一
靠,丿一,丨一
靡,丶一,丨一
面,一丿,丨乙
靥,一丿,一丿
革,一丨,丨乙
靬,一丨,一一
靰,一丨,一丿
靳,一丨,丿丿
靴,一丨,人丿
靶,一丨,乙丨
靸,一丨,丿乙
靺,一丨,一一
靼,一丨,日
靽,一丨,丶丿
靿,一丨,乙乙
鞁,一丨,乙丿
鞅,一丨,丨乙
鞋,一丨,土
鞍,一丨,丶丶
鞑,一丨,一丿
鞒,一丨,丿一
鞔,一丨,丿乙
鞘,一丨,丨丶
鞠,一丨,丿乙
鞡,一丨,手
鞣,一丨,乙丶
鞧,一丨,丶丿
鞨,一丨,日
鞫,一丨,丿乙
鞬,一丨,乙一
鞭,一丨,人一
鞮,一丨,日
鞯,一丨,艹
鞲,一丨,一一
鞳,一丨,艹
鞴,一丨,一丨
韂,一丨,丿乙
韦,一一乙丨
韧,一一,乙丿
韨,一一,一丿
韩,十,一一
韪,日,一一
韫,一一,日
韬,一一,丿丶
韭,丨一,一
音,丶一,日
韵,丶一,丿乙
韶,丶一,乙丿
页,一丿,贝
顶,一丨,一丿
顷,一乙,一丿
顸,一一,一丿
项,一丨,一丿
顺,丿丨,一丿
须,丿丿,一丿
顼,一一,一丿
顽,一一,一丿
顾,一丿,一丿
顿,一乙,一丿
颀,丿丿,一丿
颁,丿丶,一丿
颂,丿丶,一丿
颃,丶一,一丿
预,乙丶,一丿
颅,丨一,一丿
领,人丶,一丿
颇,乙丿,一丿
颈,乙丶,一丿
颉,土,一丿
颊,一丶,一丿
颋,丿一,一丿
颌,人一,一丿
颍,丿乙,一丿
颎,丿乙,一丿
颏,丶一,一丿
颐,一丨,一丿
频,丨一,一丿
颓,丿一,一丿
颔,人丶,一丿
颖,丿乙,一丿
颗,丨乙,一丿
题,日,一丿
颙,丨乙,一丿
颚,口口,一丿
颛,丨乙,一丿
颜,丶一,一丿
额,丶丶,一丿
颞,一丨,一丿
颟,艹,一丿
颠,十,一丿
颡,乙丶,一丿
颢,日,一丿
颤,丶一,一丿
颥,一丶,一丿
颦,丨一,丿丨
颧,艹,一丿
风,丿乙,丿丶
飏,丿乙,乙丿
飐,丿乙,丨一
飑,丿乙,丿乙
飒,丶一,丿乙
飓,丿乙,丨乙
飔,丿乙,丨乙
飕,丿乙,丿丨
飗,丿乙,丿乙
飘,一丨,丿乙
飙,一丿,丿乙
飞,乙丿丶
食,人丶,乙一
飧,丿乙,人丶
飨,乙乙,人丶
餍,一丿,人丶
餐,丨一,人丶
餮,一丿,人丶
饔,丶一,人丶
饕,口一,人丶
饥,丿乙,丿乙
饧,丿乙,乙丿
饨,丿乙,一乙
饩,丿乙,丿一
饪,丿乙,丿一
饫,丿乙,丿一
饬,丿乙,丿一
饭,丿乙,丿丿
饮,丿乙,丿乙
饯,丿乙,一一
饰,丿乙,丿一
饱,丿乙,丿乙
饲,丿乙,乙一
饳,丿乙,乙丨
饴,丿乙,乙丶
饵,丿乙,一丨
饶,丿乙,一乙
饷,丿乙,丿丨
饸,丿乙,人一
饹,丿乙,丿乙
饺,丿乙,丶一
饻,丿乙,丶一
饼,丿乙,丶丿
饽,丿乙,十
饿,丿乙,丿一
馁,丿乙,丿丶
馃,丿乙,丨乙
馄,丿乙,日
馅,丿乙,丿乙
馆,丿乙,丶丶
馇,丿乙,木日
馈,丿乙,丨乙
馉,丿乙,丨乙
馊,丿乙,丿丨
馋,丿乙,丿乙
馌,丿乙,土
馍,丿乙,艹
馏,丿乙,丿乙
馐,丿乙,丶丿
馑,丿乙,一丨
馒,丿乙,日
馓,丿乙,一丨
馔,丿乙,乙一
馕,丿乙,一丨
首,丶丿,丿丨
馗,丿乙,丶丿
馘,丶丿,一口
香,丿一,日
馝,丿一,丶乙
馞,丿一,十
馥,丿一,丿一
馧,丿一,日
馨,土,丿一
马,乙乙一
驭,乙乙,乙丶
驮,乙乙,一丿
驯,乙乙,丿丨
驰,乙乙,乙丨
驱,乙乙,一丿
驲,乙乙,日
驳,乙乙,丿丶
驴,乙乙,丶乙
驵,乙乙,丨乙
驶,乙乙,丨乙
驷,乙乙,丨乙
驸,乙乙,人一
驹,乙乙,丿乙
驺,乙乙,丿乙
驻,乙乙,丶一
驼,乙乙,丶丶
驽,乙丿,乙乙
驾,乙丿,乙乙
驿,乙乙,乙丶
骀,乙乙,乙丶
骁,乙乙,一乙
骂,口口,乙乙
骃,乙乙,丨乙
骄,乙乙,丿一
骅,乙乙,人丿
骆,乙乙,丿乙
骇,乙乙,丶一
骈,乙乙,丶丿
骉,乙乙,乙乙
骊,乙乙,一丨
骋,乙乙,丨乙
验,乙乙,人一
骍,乙乙,丶一
骎,乙乙,乙一
骏,乙乙,乙丶
骐,乙乙,一丨
骑,乙乙,一丿
骒,乙乙,丨乙
骓,乙乙,人丶
骕,乙乙,乙一
骖,乙乙,乙丶
骗,乙乙,丶乙
骘,乙丨,乙乙
骙,乙乙,乙丶
骚,乙乙,乙丶
骛,乙丶,乙乙
骜,一一,乙乙
骝,乙乙,丿乙
骞,丶丶,乙乙
骟,乙乙,丶乙
骠,乙乙,一丨
骡,乙乙,丨乙
骢,乙乙,丿丨
骣,乙乙,乙一
骤,乙乙,一丨
骥,乙乙,丨一
骦,乙乙,一丶
骧,乙乙,丶一
骨,丨乙,月
骰,丨乙,丿乙
骱,丨乙,人丿
骶,丨乙,丿乙
骷,丨乙,十
骸,丨乙,丶一
骺,丨乙,丿丿
骼,丨乙,丿乙
髀,丨乙,丿丨
髁,丨乙,丨乙
髂,丨乙,丶丶
髃,丨乙,丨乙
髅,丨乙,丶丿
髋,丨乙,丶丶
髌,丨乙,丶丶
髎,丨乙,乙丶
髑,丨乙,丨乙
髓,丨乙,一丿
高,丶一,丨乙
髡,一丨,一丿
髢,一丨,乙丨
髦,一丨,丿一
髫,一丨,乙丿
髭,一丨,丨一
髯,一丨,丨乙
髹,一丨,人木
髻,一丨,土
髽,一丨,人人
鬃,一丨,丶丶
鬈,一丨,丶丿
鬏,一丨,丿一
鬒,一丨,十
鬓,一丨,丶丶
鬘,一丨,日
鬟,一丨,丨乙
鬣,一丨,乙乙
鬯,丿丶,丿乙
鬲,一口,丨乙
鬶,一一,一口
鬷,一口,丿丶
鬻,乙一,一口
鬼,丿丨,乙丶
魁,丿丨,丶丶
魂,一一,丿丨
魃,丿丨,一丿
魄,丿丨,丿丨
魅,丿丨,一一
魆,丿丨,一乙
魇,一丿,丿丨
魈,丿丨,丨丶
魉,丿丨,一丨
魋,丿丨,人丶
魍,丿丨,丨乙
魏,丿一,丿丨
魑,丿丨,丶一
魔,丶一,丿丨
鱼,丿乙丨乙
鱽,丿乙,乙丿
鱾,丿乙,乙一
鱿,丿乙,一丿
鲀,丿乙,一乙
鲁,丿乙,日
鲂,丿乙,丶一
鲃,丿乙,乙丨
鲅,丿乙,一丿
鲆,丿乙,一丶
鲇,丿乙,丨一
鲈,丿乙,丨一
鲉,丿乙,丨乙
鲊,丿乙,丿一
鲋,丿乙,人一
鲌,丿乙,丿丨
鲍,丿乙,丿乙
鲎,丶丶,丿乙
鲏,丿乙,乙丿
鲐,丿乙,乙丶
鲑,丿乙,土
鲒,丿乙,土
鲔,丿乙,一丿
鲕,丿乙,一丿
鲖,丿乙,丨乙
鲗,丿乙,贝
鲘,丿乙,丿丿
鲙,丿乙,人一
鲚,丿乙,丶一
鲛,丿乙,丶一
鲜,丿乙,丶丿
鲝,丶丿,丿乙
鲞,丶丿,丿乙
鲟,丿乙,乙一
鲠,丿乙,一丨
鲡,丿乙,一丨
鲢,丿乙,一乙
鲣,丿乙,丨丨
鲤,丿乙,丨乙
鲥,丿乙,日
鲦,丿乙,丿乙
鲧,丿乙,丿乙
鲨,水丨,丿乙
鲩,丿乙,丶丶
鲪,丿乙,乙一
鲫,丿乙,乙一
鲬,丿乙,乙丶
鲭,丿乙,一一
鲮,丿乙,土
鲯,丿乙,一丨
鲰,丿乙,一丨
鲱,丿乙,丨一
鲲,丿乙,日
鲳,丿乙,日
鲴,丿乙,丨乙
鲵,丿乙,丿丨
鲷,丿乙,丿乙
鲸,丿乙,丶一
鲹,丿乙,乙丶
鲺,丿乙,乙丿
鲻,丿乙,乙乙
鲼,丿乙,十
鲽,丿乙,一丨
鲾,丿乙,一口
鲿,丿乙,丨丶
鳀,丿乙,日
鳁,丿乙,日
鳂,丿乙,丨乙
鳃,丿乙,丨乙
鳄,丿乙,口口
鳅,丿乙,丿一
鳇,丿乙,丿丨
鳈,丿乙,丿丨
鳉,丿乙,丶一
鳊,丿乙,丶乙
鳌,一一,丿乙
鳍,丿乙,十
鳎,丿乙,日
鳏,丿乙,丨乙
鳐,丿乙,丿丶
鳑,丿乙,丶一
鳒,丿乙,丶丿
鳓,丿乙,一丨
鳔,丿乙,一丨
鳕,丿乙,一丶
鳖,丶丿,丿乙
鳗,丿乙,日
鳘,丿一,丿乙
鳙,丿乙,丶一
鳚,丿乙,乙一
鳛,丿乙,乙丶
鳜,丿乙,一丿
鳝,丿乙,丶丿
鳞,丿乙,丶丿
鳟,丿乙,丶丿
鳠,丿乙,艹
鳡,丿乙,一丿
鳢,丿乙,丨乙
鳣,丿乙,丶一
鳤,丿乙,丿一
鸟,丿乙丶乙
鸠,丿乙,丿乙
鸡,乙丶,丿乙
鸢,一乙,丿乙
鸣,口,丿乙丶
鸤,乙一,丿乙
鸥,一丿,丿乙
鸦,一乙,丿乙
鸧,人乙,丿乙
鸨,丿乙,丿乙
鸩,丶乙,丿乙
鸪,十,丿乙
鸫,一乙,丿乙
鸬,丨一,丿乙
鸭,丨乙,丿乙
鸮,口一,丿乙
鸯,丨乙,丿乙
鸰,人丶,丿乙
鸱,丿乙,丿乙
鸲,丿乙,丿乙
鸳,丿乙,丿乙
鸵,丿乙,丶丶
鸶,乙乙,丿乙
鸷,手,丿乙
鸸,一丿,丿乙
鸹,丿一,丿乙
鸺,人木,丿乙
鸻,丿丿,丿乙
鸼,丿丿,丿乙
鸽,人一,丿乙
鸾,丶一,丿乙
鸿,水一,丿乙
鹀,一丨,丿乙
鹁,十,丿乙
鹂,一丨,丿乙
鹃,口月,丿乙
鹄,丿一,丿乙
鹅,丿一,丿乙
鹆,丿丶,丿乙
鹇,丶丨,丿乙
鹈,丶丿,丿乙
鹉,一一,丿乙
鹊,一丨,丿乙
鹋,艹,丿乙
鹌,一丿,丿乙
鹍,日,丿乙
鹎,丿丨,丿乙
鹏,月月,丿乙
鹐,丿乙,丿乙
鹑,丶一,丿乙
鹒,丶一,丿乙
鹔,乙一,丿乙
鹕,十,丿乙
鹖,日,丿乙
鹗,口口,丿乙
鹘,丨乙,丿乙
鹙,丿一,丿乙
鹚,丶丿,丿乙
鹛,乙丨,丿乙
鹜,乙丶,丿乙
鹝,一口,丿乙
鹞,丿丶,丿乙
鹟,丿丶,丿乙
鹠,丿乙,丿乙
鹡,丶一,丿乙
鹢,丶丿,丿乙
鹣,丶丿,丿乙
鹤,丶乙,丿乙
鹦,贝,丿乙
鹧,丶一,丿乙
鹨,乙丶,丿乙
鹩,一丿,丿乙
鹪,人丶,丿乙
鹫,丶一,丿乙
鹬,乙丶,丿乙
鹭,口丨,丿乙
鹮,丨乙,丿乙
鹯,丶一,丿乙
鹰,丶一,丿乙
鹱,丿乙,艹
鹲,艹,丿乙
鹳,艹,丿乙
鹴,一丶,丿乙
鹾,丨一,丶丿
鹿,丶一,一乙
麀,丶一,丿乙
麂,丶一,丿乙
麇,丶一,丿一
麈,丶一,丶一
麋,丶一,丶丿
麑,丶一,丿丨
麒,丶一,一丨
麓,木木,丶一
麖,丶一,丶一
麝,丶一,丿丨
麟,丶一,丶丿
麦,一一,丿乙
麸,一一,一一
麹,一一,丿乙
麻,丶一,木木
麽,丶一,丿乙
麾,丶一,丿一
黄,一丨,丨乙
黇,一丨,丨一
黉,丶丶,一丨
黍,丿一,人水
黎,丿一,人水
黏,丿一,丨一
黑,丨乙,丶丶
黔,丨乙,人丶
默,丨乙,一丿
黛,人一,丨乙
黜,丨乙,乙丨
黝,丨乙,乙乙
黟,丨乙,丿乙
黠,丨乙,土
黡,一丿,丨乙
黢,丨乙,乙丶
黥,丨乙,丶一
黧,丿一,丨乙
黩,丨乙,十
黪,丨乙,乙丶
黯,丨乙,丶一
黹,丨丨,丶丿
黻,丨丨,一丿
黼,丨丨,一丨
黾,口,丨乙一
鼋,一一,口丨
鼍,口口,口丨
鼎,丨乙,乙一
鼐,乙丿,丨乙
鼒,一丨,丨乙
鼓,土,十
鼗,丿丶,土
鼙,土,丿丨
鼠,丿丨,乙丶
鼢,丿丨,丿丶
鼩,丿丨,丿乙
鼫,丿丨,一丿
鼬,丿丨,丨乙
鼯,丿丨,一丨
鼱,丿丨,一一
鼷,丿丨,丿丶
鼹,丿丨,日
鼻,丿丨,丨乙
鼽,丿丨,丿乙
鼾,丿丨,一一
齁,丿丨,丿乙
齇,丿丨,丨一
齉,丿丨,一丨
齐,丶一,丿丨
齑,丶一,丨一
齿,丨一,人乙
龀,丨一,丿乙
龁,丨一,丿一
龂,丨一,丿丿
龃,丨一,丨乙
龄,丨一,人丶
龅,丨一,丿乙
龆,丨一,乙丿
龇,丨一,丨一
龈,丨一,乙一
龉,丨一,一丨
龊,丨一,口丨
龋,丨一,丿丨
龌,丨一,乙一
龙,一丿乙丿
龚,一丿,一丨
龛,人一,一丿
龟,丿乙丨乙
龠,人一,口口
龢,人一,丿一
鿍,土,丿乙
鿎,一丿,一丿
鿏,金,一一
𠅤,丶一,丨乙
𠙶,乙丨,乙丨
𠳐,口,一一一
𡎚,土,丶乙
𡐓,土,丶一
𣗋,木,丨丶丿
𣲗,水,一一乙
𣲘,水,一一丿
𣸣,水,十艹
𤧛,一一,丶一
𤩽,一一,十
𤫉,一一,丶一
𥔲,一丿,口口
𥕢,一丿,一丨
𥖨,一丿,口口
𥻗,丶丿,木日
𦈡,乙乙,一丶
𦒍,丶一,乙丶
𦙶,月,十口
𦝼,月,丶丿木
𦭜,艹,口丿
𦰡,艹,乙一
𧿹,口丨,乙乙
𨐈,一乙,丨丶
𨙸,十,乙丨
𨚕,乙丶,乙丨
𨟠,丨乙,乙丨
𨭉,丶一,金
𨱇,金,一丨
𨱏,金,艹
𨱑,金,一丨
𨱔,金,丶丿
𨺙,乙丨,丿丨
𩽾,丿乙,丶丶
𩾃,丿乙,丿乙
𩾌,丿乙,丶一
𪟝,一一,乙丿
𪣻,土,丶丿
𪤗,土,乙丶
𪨰,丨乙,丨乙
𪨶,丨乙,一丿
𪩘,丨乙,十
𪾢,丨乙,丨乙
𫄧,乙乙,丿丨
𫄨,乙乙,丿丶
𫄷,乙乙,丶一
𫄸,乙乙,丿一
𫇭,艹,丶丿
𫌀,丶乙,一一
𫍣,丶乙,丨乙
𫍯,丶乙,一丿
𫍲,丶乙,丿丨
𫍽,丶乙,丨乙
𫐄,一乙,一丿
𫐐,一乙,丿丨
𫐓,一乙,乙丶
𫑡,口丨,乙丨
𫓧,金,一一
𫓯,金,土
𫓶,金,口月
𫓹,金,一丨
𫔍,金,丿丶
𫔎,金,乙丶
𫔶,丶丨,丿丨
𫖮,丨乙,一丿
𫖯,丿丶,一丿
𫖳,乙一,一丿
𫗧,丿乙,一丨
𫗴,丿乙,丶一
𫘜,乙乙,丶一
𫘝,乙乙,乙一
𫘦,乙乙,丿乙
𫘧,乙乙,乙一
𫘨,乙乙,日
𫘪,乙乙,一丿
𫘬,乙乙,丿丶
𫚕,丿乙,丨丿
𫚖,丨一,丿乙
𫚭,丿乙,乙乙
𫛭,丿乙,丿乙
𫞩,一一,艹
𫟅,乙乙,丶一
𫟦,一乙,丶丿
𫟹,金,一丨
𫟼,金,一丿
𫠆,十,一丿
𫠊,乙乙,丶一
𫠜,丨一,丿丨
𫢸,人,丶丿丨
𫫇,口,一丨丨
𫭟,土,一丿
𫭢,土,人丿
𫭼,土,艹
𫮃,土,丶丿
𫰛,乙丿,乙丶
𫵷,丨乙,一丿
𫶇,丨乙,一丨
𫷷,丶一,金
𫸩,乙一,一丿
𬀩,日,一一
𬀪,日,丨乙
𬂩,木,一丶丿
𬃊,木,丿丿十
𬇕,水,一乙丿
𬇙,水,贝
𬇹,水,丨乙一
𬉼,丶丿,一丿
𬊈,丶丿,乙一
𬊤,丶丿,丶丿
𬌗,一乙,人一
𬍛,一一,丿乙
𬍡,水乙,一一
𬍤,一一,乙一
𬒈,丶丶,一丿
𬒔,一丿,丨一
𬒗,一丿,丨丨
𬕂,丿一,一丨
𬘓,乙乙,丿丨
𬘘,乙乙,丶乙
𬘡,乙乙,丨乙
𬘩,乙乙,丿一
𬘫,乙乙,丶丶
𬘬,乙乙,一一
𬘭,乙乙,木木
𬘯,乙乙,丶一
𬙂,乙乙,丶丶
𬙊,乙乙,丨乙
𬙋,乙乙,丶一
𬜬,艹,丶丨
𬜯,艹,一丨
𬞟,艹,丨一
𬟁,艹,一口
𬟽,丨乙,一乙
𬣙,丶乙,一一
𬣞,丶乙,丶丶
𬣡,丶乙,一一
𬣳,丶乙,乙一
𬤇,丶乙,一丨
𬤊,丶乙,日
𬤝,丶乙,一丨
𬨂,一乙,丿乙
𬨎,一乙,丶丿
𬩽,乙一,乙丨
𬪩,一丨,丶乙
𬬩,金,一乙
𬬭,金,人丿
𬬮,金,丿一
𬬱,金,丿丿
𬬸,金,木丶
𬬹,金,丨乙
𬬻,金,丨一
𬬿,金,乙丿
𬭁,金,乙乙
𬭊,金,木土
𬭎,金,丶丶
𬭚,金,丶一
𬭛,金,水乙
𬭤,金,人乙
𬭩,金,丿丶
𬭬,金,一一
𬭯,金,丶丿
𬭳,金,土
𬭶,金,丨乙
𬭸,金,丶丿
𬭼,金,丶丿
𬮱,丶丨,一丨
𬮿,乙丨,丨乙
𬯀,乙丨,丶一
𬯎,乙丨,丨乙
𬱖,丨乙,一丿
𬱟,丿乙,一丿
𬳵,乙乙,一丿
𬳶,乙乙,丨乙
𬳽,乙乙,丿一
𬳿,乙乙,人一
𬴂,乙乙,丨一
𬴃,乙乙,一一
𬴊,乙乙,丶丿
𬶋,丿乙,丿乙
𬶍,丿乙,丶丶
𬶏,丿乙,丿乙
𬶐,丿乙,丿丶
𬶟,丿乙,一丨
𬶠,丿乙,一丨
𬶨,乙一,丿乙
𬶭,丿乙,丿乙
𬶮,丿乙,土
𬷕,一丨,丿乙
𬸘,一日,丿
𬸚,丿乙,丿乙
𬸣,丶丶,丿乙
𬸦,丶一,丿乙
𬸪,丿丶,丿乙
𬹼,丨一,人丿
𬺈,丨一,一丿
𬺓,丨一,木木